Extract Date,LA Code,LA Name,Breakdown Field,Breakdown Value,Patient Count
15/05/2020,ENG,ENGLAND,ALL,ALL,2213950
15/05/2020,ENG,ENGLAND,Age,0-18,92663
15/05/2020,ENG,ENGLAND,Age,19-69,1169260
15/05/2020,ENG,ENGLAND,Age,70+,952027
15/05/2020,ENG,ENGLAND,Gender,Female,1172799
15/05/2020,ENG,ENGLAND,Gender,Male,1041099
15/05/2020,E06000001,Hartlepool,ALL,ALL,4345
15/05/2020,E06000002,Middlesbrough,ALL,ALL,6040
15/05/2020,E06000003,Redcar and Cleveland,ALL,ALL,6130
15/05/2020,E06000004,Stockton-on-Tees,ALL,ALL,8965
15/05/2020,E06000005,Darlington,ALL,ALL,5160
15/05/2020,E06000006,Halton,ALL,ALL,6155
15/05/2020,E06000007,Warrington,ALL,ALL,8370
15/05/2020,E06000008,Blackburn with Darwen,ALL,ALL,5360
15/05/2020,E06000009,Blackpool,ALL,ALL,6625
15/05/2020,E06000010,"Kingston upon Hull, City of",ALL,ALL,11285
15/05/2020,E06000011,East Riding of Yorkshire,ALL,ALL,14315
15/05/2020,E06000012,North East Lincolnshire,ALL,ALL,6320
15/05/2020,E06000013,North Lincolnshire,ALL,ALL,6485
15/05/2020,E06000014,York,ALL,ALL,7495
15/05/2020,E06000015,Derby,ALL,ALL,7800
15/05/2020,E06000016,Leicester,ALL,ALL,13330
15/05/2020,E06000017,Rutland,ALL,ALL,1170
15/05/2020,E06000018,Nottingham,ALL,ALL,10665
15/05/2020,E06000019,"Herefordshire, County of",ALL,ALL,7850
15/05/2020,E06000020,Telford and Wrekin,ALL,ALL,5375
15/05/2020,E06000021,Stoke-on-Trent,ALL,ALL,11050
15/05/2020,E06000022,Bath and North East Somerset,ALL,ALL,6755
15/05/2020,E06000023,"Bristol, City of",ALL,ALL,14585
15/05/2020,E06000024,North Somerset,ALL,ALL,7500
15/05/2020,E06000025,South Gloucestershire,ALL,ALL,10855
15/05/2020,E06000026,Plymouth,ALL,ALL,10715
15/05/2020,E06000027,Torbay,ALL,ALL,5830
15/05/2020,E06000030,Swindon,ALL,ALL,7745
15/05/2020,E06000031,Peterborough,ALL,ALL,5420
15/05/2020,E06000032,Luton,ALL,ALL,9565
15/05/2020,E06000033,Southend-on-Sea,ALL,ALL,6960
15/05/2020,E06000034,Thurrock,ALL,ALL,9400
15/05/2020,E06000035,Medway,ALL,ALL,9810
15/05/2020,E06000036,Bracknell Forest,ALL,ALL,4050
15/05/2020,E06000037,West Berkshire,ALL,ALL,4185
15/05/2020,E06000038,Reading,ALL,ALL,4465
15/05/2020,E06000039,Slough,ALL,ALL,4055
15/05/2020,E06000040,Windsor and Maidenhead,ALL,ALL,4020
15/05/2020,E06000041,Wokingham,ALL,ALL,4320
15/05/2020,E06000042,Milton Keynes,ALL,ALL,14055
15/05/2020,E06000043,Brighton and Hove,ALL,ALL,9745
15/05/2020,E06000044,Portsmouth,ALL,ALL,6960
15/05/2020,E06000045,Southampton,ALL,ALL,10120
15/05/2020,E06000046,Isle of Wight,ALL,ALL,5055
15/05/2020,E06000047,County Durham,ALL,ALL,25365
15/05/2020,E06000049,Cheshire East,ALL,ALL,14150
15/05/2020,E06000050,Cheshire West and Chester,ALL,ALL,13805
15/05/2020,E06000051,Shropshire,ALL,ALL,10205
15/05/2020,E06000054,Wiltshire,ALL,ALL,17700
15/05/2020,E06000055,Bedford,ALL,ALL,5845
15/05/2020,E06000056,Central Bedfordshire,ALL,ALL,12115
15/05/2020,E06000057,Northumberland,ALL,ALL,17495
15/05/2020,E06000058,"Bournemouth, Christchurch and Poole",ALL,ALL,15845
15/05/2020,E06000059,Dorset,ALL,ALL,15695
15/05/2020,E07000004,Aylesbury Vale,ALL,ALL,6160
15/05/2020,E07000005,Chiltern,ALL,ALL,3160
15/05/2020,E07000006,South Bucks,ALL,ALL,2415
15/05/2020,E07000007,Wycombe,ALL,ALL,5900
15/05/2020,E07000008,Cambridge,ALL,ALL,3730
15/05/2020,E07000009,East Cambridgeshire,ALL,ALL,3035
15/05/2020,E07000010,Fenland,ALL,ALL,4500
15/05/2020,E07000011,Huntingdonshire,ALL,ALL,6930
15/05/2020,E07000012,South Cambridgeshire,ALL,ALL,5680
15/05/2020,E07000026,Allerdale,ALL,ALL,3845
15/05/2020,E07000027,Barrow-in-Furness,ALL,ALL,4630
15/05/2020,E07000028,Carlisle,ALL,ALL,3665
15/05/2020,E07000029,Copeland,ALL,ALL,2855
15/05/2020,E07000030,Eden,ALL,ALL,2310
15/05/2020,E07000031,South Lakeland,ALL,ALL,4490
15/05/2020,E07000032,Amber Valley,ALL,ALL,4330
15/05/2020,E07000033,Bolsover,ALL,ALL,3480
15/05/2020,E07000034,Chesterfield,ALL,ALL,3985
15/05/2020,E07000035,Derbyshire Dales,ALL,ALL,2750
15/05/2020,E07000036,Erewash,ALL,ALL,3845
15/05/2020,E07000037,High Peak,ALL,ALL,3670
15/05/2020,E07000038,North East Derbyshire,ALL,ALL,3900
15/05/2020,E07000039,South Derbyshire,ALL,ALL,3375
15/05/2020,E07000040,East Devon,ALL,ALL,5795
15/05/2020,E07000041,Exeter,ALL,ALL,3525
15/05/2020,E07000042,Mid Devon,ALL,ALL,3020
15/05/2020,E07000043,North Devon,ALL,ALL,4580
15/05/2020,E07000044,South Hams,ALL,ALL,3240
15/05/2020,E07000045,Teignbridge,ALL,ALL,6295
15/05/2020,E07000046,Torridge,ALL,ALL,3265
15/05/2020,E07000047,West Devon,ALL,ALL,2405
15/05/2020,E07000061,Eastbourne,ALL,ALL,3640
15/05/2020,E07000062,Hastings,ALL,ALL,3410
15/05/2020,E07000063,Lewes,ALL,ALL,4525
15/05/2020,E07000064,Rother,ALL,ALL,3640
15/05/2020,E07000065,Wealden,ALL,ALL,5750
15/05/2020,E07000066,Basildon,ALL,ALL,7965
15/05/2020,E07000067,Braintree,ALL,ALL,6500
15/05/2020,E07000068,Brentwood,ALL,ALL,2645
15/05/2020,E07000069,Castle Point,ALL,ALL,3965
15/05/2020,E07000070,Chelmsford,ALL,ALL,5730
15/05/2020,E07000071,Colchester,ALL,ALL,6810
15/05/2020,E07000072,Epping Forest,ALL,ALL,5275
15/05/2020,E07000073,Harlow,ALL,ALL,4565
15/05/2020,E07000074,Maldon,ALL,ALL,3070
15/05/2020,E07000075,Rochford,ALL,ALL,4770
15/05/2020,E07000076,Tendring,ALL,ALL,7830
15/05/2020,E07000077,Uttlesford,ALL,ALL,2585
15/05/2020,E07000078,Cheltenham,ALL,ALL,4015
15/05/2020,E07000079,Cotswold,ALL,ALL,3530
15/05/2020,E07000080,Forest of Dean,ALL,ALL,3485
15/05/2020,E07000081,Gloucester,ALL,ALL,5275
15/05/2020,E07000082,Stroud,ALL,ALL,4920
15/05/2020,E07000083,Tewkesbury,ALL,ALL,3395
15/05/2020,E07000084,Basingstoke and Deane,ALL,ALL,7200
15/05/2020,E07000085,East Hampshire,ALL,ALL,5370
15/05/2020,E07000086,Eastleigh,ALL,ALL,4100
15/05/2020,E07000087,Fareham,ALL,ALL,4140
15/05/2020,E07000088,Gosport,ALL,ALL,3515
15/05/2020,E07000089,Hart,ALL,ALL,4010
15/05/2020,E07000090,Havant,ALL,ALL,5765
15/05/2020,E07000091,New Forest,ALL,ALL,7665
15/05/2020,E07000092,Rushmoor,ALL,ALL,3110
15/05/2020,E07000093,Test Valley,ALL,ALL,4020
15/05/2020,E07000094,Winchester,ALL,ALL,3940
15/05/2020,E07000095,Broxbourne,ALL,ALL,3480
15/05/2020,E07000096,Dacorum,ALL,ALL,5040
15/05/2020,E07000098,Hertsmere,ALL,ALL,3670
15/05/2020,E07000099,North Hertfordshire,ALL,ALL,5280
15/05/2020,E07000102,Three Rivers,ALL,ALL,3140
15/05/2020,E07000103,Watford,ALL,ALL,2655
15/05/2020,E07000105,Ashford,ALL,ALL,4645
15/05/2020,E07000106,Canterbury,ALL,ALL,5085
15/05/2020,E07000107,Dartford,ALL,ALL,3895
15/05/2020,E07000108,Dover,ALL,ALL,5270
15/05/2020,E07000109,Gravesham,ALL,ALL,4355
15/05/2020,E07000110,Maidstone,ALL,ALL,5380
15/05/2020,E07000111,Sevenoaks,ALL,ALL,4535
15/05/2020,E07000112,Folkestone and Hythe,ALL,ALL,4845
15/05/2020,E07000113,Swale,ALL,ALL,5960
15/05/2020,E07000114,Thanet,ALL,ALL,6360
15/05/2020,E07000115,Tonbridge and Malling,ALL,ALL,3895
15/05/2020,E07000116,Tunbridge Wells,ALL,ALL,3450
15/05/2020,E07000117,Burnley,ALL,ALL,3650
15/05/2020,E07000118,Chorley,ALL,ALL,3545
15/05/2020,E07000119,Fylde,ALL,ALL,3040
15/05/2020,E07000120,Hyndburn,ALL,ALL,3030
15/05/2020,E07000121,Lancaster,ALL,ALL,5675
15/05/2020,E07000122,Pendle,ALL,ALL,3435
15/05/2020,E07000123,Preston,ALL,ALL,4125
15/05/2020,E07000124,Ribble Valley,ALL,ALL,1900
15/05/2020,E07000125,Rossendale,ALL,ALL,2555
15/05/2020,E07000126,South Ribble,ALL,ALL,3720
15/05/2020,E07000127,West Lancashire,ALL,ALL,4850
15/05/2020,E07000128,Wyre,ALL,ALL,5465
15/05/2020,E07000129,Blaby,ALL,ALL,3505
15/05/2020,E07000130,Charnwood,ALL,ALL,6010
15/05/2020,E07000131,Harborough,ALL,ALL,3030
15/05/2020,E07000132,Hinckley and Bosworth,ALL,ALL,4010
15/05/2020,E07000133,Melton,ALL,ALL,1680
15/05/2020,E07000134,North West Leicestershire,ALL,ALL,3565
15/05/2020,E07000135,Oadby and Wigston,ALL,ALL,2090
15/05/2020,E07000136,Boston,ALL,ALL,3025
15/05/2020,E07000137,East Lindsey,ALL,ALL,5875
15/05/2020,E07000138,Lincoln,ALL,ALL,2725
15/05/2020,E07000139,North Kesteven,ALL,ALL,5170
15/05/2020,E07000140,South Holland,ALL,ALL,3270
15/05/2020,E07000141,South Kesteven,ALL,ALL,6620
15/05/2020,E07000142,West Lindsey,ALL,ALL,3485
15/05/2020,E07000143,Breckland,ALL,ALL,5570
15/05/2020,E07000144,Broadland,ALL,ALL,6125
15/05/2020,E07000145,Great Yarmouth,ALL,ALL,4085
15/05/2020,E07000146,King's Lynn and West Norfolk,ALL,ALL,6530
15/05/2020,E07000147,North Norfolk,ALL,ALL,5125
15/05/2020,E07000148,Norwich,ALL,ALL,5685
15/05/2020,E07000149,South Norfolk,ALL,ALL,6770
15/05/2020,E07000150,Corby,ALL,ALL,2615
15/05/2020,E07000151,Daventry,ALL,ALL,3245
15/05/2020,E07000152,East Northamptonshire,ALL,ALL,2655
15/05/2020,E07000153,Kettering,ALL,ALL,3570
15/05/2020,E07000154,Northampton,ALL,ALL,7795
15/05/2020,E07000155,South Northamptonshire,ALL,ALL,3315
15/05/2020,E07000156,Wellingborough,ALL,ALL,3870
15/05/2020,E07000163,Craven,ALL,ALL,2905
15/05/2020,E07000164,Hambleton,ALL,ALL,3075
15/05/2020,E07000165,Harrogate,ALL,ALL,6075
15/05/2020,E07000166,Richmondshire,ALL,ALL,1480
15/05/2020,E07000167,Ryedale,ALL,ALL,2515
15/05/2020,E07000168,Scarborough,ALL,ALL,4250
15/05/2020,E07000169,Selby,ALL,ALL,3195
15/05/2020,E07000170,Ashfield,ALL,ALL,5580
15/05/2020,E07000171,Bassetlaw,ALL,ALL,7780
15/05/2020,E07000172,Broxtowe,ALL,ALL,3630
15/05/2020,E07000173,Gedling,ALL,ALL,5235
15/05/2020,E07000174,Mansfield,ALL,ALL,4480
15/05/2020,E07000175,Newark and Sherwood,ALL,ALL,4830
15/05/2020,E07000176,Rushcliffe,ALL,ALL,3530
15/05/2020,E07000177,Cherwell,ALL,ALL,4580
15/05/2020,E07000178,Oxford,ALL,ALL,3690
15/05/2020,E07000179,South Oxfordshire,ALL,ALL,4425
15/05/2020,E07000180,Vale of White Horse,ALL,ALL,3850
15/05/2020,E07000181,West Oxfordshire,ALL,ALL,3585
15/05/2020,E07000187,Mendip,ALL,ALL,3765
15/05/2020,E07000188,Sedgemoor,ALL,ALL,5120
15/05/2020,E07000189,South Somerset,ALL,ALL,7230
15/05/2020,E07000192,Cannock Chase,ALL,ALL,3660
15/05/2020,E07000193,East Staffordshire,ALL,ALL,5145
15/05/2020,E07000194,Lichfield,ALL,ALL,4410
15/05/2020,E07000195,Newcastle-under-Lyme,ALL,ALL,4085
15/05/2020,E07000196,South Staffordshire,ALL,ALL,3660
15/05/2020,E07000197,Stafford,ALL,ALL,6925
15/05/2020,E07000198,Staffordshire Moorlands,ALL,ALL,3760
15/05/2020,E07000199,Tamworth,ALL,ALL,2685
15/05/2020,E07000200,Babergh,ALL,ALL,3885
15/05/2020,E07000202,Ipswich,ALL,ALL,6280
15/05/2020,E07000203,Mid Suffolk,ALL,ALL,4705
15/05/2020,E07000207,Elmbridge,ALL,ALL,3870
15/05/2020,E07000208,Epsom and Ewell,ALL,ALL,2400
15/05/2020,E07000209,Guildford,ALL,ALL,4610
15/05/2020,E07000210,Mole Valley,ALL,ALL,2745
15/05/2020,E07000211,Reigate and Banstead,ALL,ALL,4670
15/05/2020,E07000212,Runnymede,ALL,ALL,2600
15/05/2020,E07000213,Spelthorne,ALL,ALL,3255
15/05/2020,E07000214,Surrey Heath,ALL,ALL,2845
15/05/2020,E07000215,Tandridge,ALL,ALL,3050
15/05/2020,E07000216,Waverley,ALL,ALL,4505
15/05/2020,E07000217,Woking,ALL,ALL,2990
15/05/2020,E07000218,North Warwickshire,ALL,ALL,2445
15/05/2020,E07000219,Nuneaton and Bedworth,ALL,ALL,4525
15/05/2020,E07000220,Rugby,ALL,ALL,3310
15/05/2020,E07000221,Stratford-on-Avon,ALL,ALL,4595
15/05/2020,E07000222,Warwick,ALL,ALL,4865
15/05/2020,E07000223,Adur,ALL,ALL,2530
15/05/2020,E07000224,Arun,ALL,ALL,7920
15/05/2020,E07000225,Chichester,ALL,ALL,5525
15/05/2020,E07000226,Crawley,ALL,ALL,3880
15/05/2020,E07000227,Horsham,ALL,ALL,5005
15/05/2020,E07000228,Mid Sussex,ALL,ALL,5160
15/05/2020,E07000229,Worthing,ALL,ALL,3780
15/05/2020,E07000234,Bromsgrove,ALL,ALL,3100
15/05/2020,E07000235,Malvern Hills,ALL,ALL,2615
15/05/2020,E07000236,Redditch,ALL,ALL,2635
15/05/2020,E07000237,Worcester,ALL,ALL,2800
15/05/2020,E07000238,Wychavon,ALL,ALL,4620
15/05/2020,E07000239,Wyre Forest,ALL,ALL,3395
15/05/2020,E07000240,St Albans,ALL,ALL,4035
15/05/2020,E07000241,Welwyn Hatfield,ALL,ALL,4060
15/05/2020,E07000242,East Hertfordshire,ALL,ALL,6215
15/05/2020,E07000243,Stevenage,ALL,ALL,2805
15/05/2020,E07000244,East Suffolk,ALL,ALL,13990
15/05/2020,E07000245,West Suffolk,ALL,ALL,7075
15/05/2020,E07000246,Somerset West and Taunton,ALL,ALL,6105
15/05/2020,E08000001,Bolton,ALL,ALL,15800
15/05/2020,E08000002,Bury,ALL,ALL,9830
15/05/2020,E08000003,Manchester,ALL,ALL,21005
15/05/2020,E08000004,Oldham,ALL,ALL,9670
15/05/2020,E08000005,Rochdale,ALL,ALL,7910
15/05/2020,E08000006,Salford,ALL,ALL,12005
15/05/2020,E08000007,Stockport,ALL,ALL,11265
15/05/2020,E08000008,Tameside,ALL,ALL,9620
15/05/2020,E08000009,Trafford,ALL,ALL,9355
15/05/2020,E08000010,Wigan,ALL,ALL,14005
15/05/2020,E08000011,Knowsley,ALL,ALL,8810
15/05/2020,E08000012,Liverpool,ALL,ALL,47085
15/05/2020,E08000013,St. Helens,ALL,ALL,12585
15/05/2020,E08000014,Sefton,ALL,ALL,22645
15/05/2020,E08000015,Wirral,ALL,ALL,15010
15/05/2020,E08000016,Barnsley,ALL,ALL,13705
15/05/2020,E08000017,Doncaster,ALL,ALL,17100
15/05/2020,E08000018,Rotherham,ALL,ALL,12725
15/05/2020,E08000019,Sheffield,ALL,ALL,26530
15/05/2020,E08000021,Newcastle upon Tyne,ALL,ALL,10105
15/05/2020,E08000022,North Tyneside,ALL,ALL,9515
15/05/2020,E08000023,South Tyneside,ALL,ALL,6955
15/05/2020,E08000024,Sunderland,ALL,ALL,12035
15/05/2020,E08000025,Birmingham,ALL,ALL,33880
15/05/2020,E08000026,Coventry,ALL,ALL,13250
15/05/2020,E08000027,Dudley,ALL,ALL,12420
15/05/2020,E08000028,Sandwell,ALL,ALL,12000
15/05/2020,E08000029,Solihull,ALL,ALL,6830
15/05/2020,E08000030,Walsall,ALL,ALL,10225
15/05/2020,E08000031,Wolverhampton,ALL,ALL,8400
15/05/2020,E08000032,Bradford,ALL,ALL,26085
15/05/2020,E08000033,Calderdale,ALL,ALL,8490
15/05/2020,E08000034,Kirklees,ALL,ALL,18515
15/05/2020,E08000035,Leeds,ALL,ALL,45425
15/05/2020,E08000036,Wakefield,ALL,ALL,13295
15/05/2020,E08000037,Gateshead,ALL,ALL,8935
15/05/2020,E09000002,Barking and Dagenham,ALL,ALL,7855
15/05/2020,E09000003,Barnet,ALL,ALL,12655
15/05/2020,E09000004,Bexley,ALL,ALL,8985
15/05/2020,E09000005,Brent,ALL,ALL,18365
15/05/2020,E09000006,Bromley,ALL,ALL,10855
15/05/2020,E09000007,Camden,ALL,ALL,6805
15/05/2020,E09000008,Croydon,ALL,ALL,12710
15/05/2020,E09000009,Ealing,ALL,ALL,22085
15/05/2020,E09000010,Enfield,ALL,ALL,9500
15/05/2020,E09000011,Greenwich,ALL,ALL,8040
15/05/2020,E09000013,Hammersmith and Fulham,ALL,ALL,8895
15/05/2020,E09000014,Haringey,ALL,ALL,8990
15/05/2020,E09000015,Harrow,ALL,ALL,12530
15/05/2020,E09000016,Havering,ALL,ALL,8780
15/05/2020,E09000017,Hillingdon,ALL,ALL,15225
15/05/2020,E09000018,Hounslow,ALL,ALL,21710
15/05/2020,E09000019,Islington,ALL,ALL,6780
15/05/2020,E09000020,Kensington and Chelsea,ALL,ALL,6105
15/05/2020,E09000021,Kingston upon Thames,ALL,ALL,5255
15/05/2020,E09000022,Lambeth,ALL,ALL,8845
15/05/2020,E09000023,Lewisham,ALL,ALL,9275
15/05/2020,E09000024,Merton,ALL,ALL,6235
15/05/2020,E09000025,Newham,ALL,ALL,11740
15/05/2020,E09000026,Redbridge,ALL,ALL,8735
15/05/2020,E09000027,Richmond upon Thames,ALL,ALL,6965
15/05/2020,E09000028,Southwark,ALL,ALL,9620
15/05/2020,E09000029,Sutton,ALL,ALL,6625
15/05/2020,E09000030,Tower Hamlets,ALL,ALL,8030
15/05/2020,E09000031,Waltham Forest,ALL,ALL,7475
15/05/2020,E09000032,Wandsworth,ALL,ALL,8520
15/05/2020,E09000033,Westminster,ALL,ALL,9185
15/05/2020,E06000052+E06000053,Cornwall and Isles of Scilly,ALL,ALL,24660
15/05/2020,E09000012+E09000001,Hackney and City of London,ALL,ALL,7860
15/05/2020,E06000001,Hartlepool,Age,0-18,150
15/05/2020,E06000002,Middlesbrough,Age,0-18,215
15/05/2020,E06000003,Redcar and Cleveland,Age,0-18,180
15/05/2020,E06000004,Stockton-on-Tees,Age,0-18,315
15/05/2020,E06000005,Darlington,Age,0-18,165
15/05/2020,E06000006,Halton,Age,0-18,220
15/05/2020,E06000007,Warrington,Age,0-18,310
15/05/2020,E06000008,Blackburn with Darwen,Age,0-18,300
15/05/2020,E06000009,Blackpool,Age,0-18,155
15/05/2020,E06000010,"Kingston upon Hull, City of",Age,0-18,450
15/05/2020,E06000011,East Riding of Yorkshire,Age,0-18,345
15/05/2020,E06000012,North East Lincolnshire,Age,0-18,235
15/05/2020,E06000013,North Lincolnshire,Age,0-18,215
15/05/2020,E06000014,York,Age,0-18,170
15/05/2020,E06000015,Derby,Age,0-18,315
15/05/2020,E06000016,Leicester,Age,0-18,845
15/05/2020,E06000017,Rutland,Age,0-18,30
15/05/2020,E06000018,Nottingham,Age,0-18,530
15/05/2020,E06000019,"Herefordshire, County of",Age,0-18,260
15/05/2020,E06000020,Telford and Wrekin,Age,0-18,215
15/05/2020,E06000021,Stoke-on-Trent,Age,0-18,370
15/05/2020,E06000022,Bath and North East Somerset,Age,0-18,215
15/05/2020,E06000023,"Bristol, City of",Age,0-18,555
15/05/2020,E06000024,North Somerset,Age,0-18,260
15/05/2020,E06000025,South Gloucestershire,Age,0-18,340
15/05/2020,E06000026,Plymouth,Age,0-18,345
15/05/2020,E06000027,Torbay,Age,0-18,155
15/05/2020,E06000030,Swindon,Age,0-18,325
15/05/2020,E06000031,Peterborough,Age,0-18,365
15/05/2020,E06000032,Luton,Age,0-18,790
15/05/2020,E06000033,Southend-on-Sea,Age,0-18,300
15/05/2020,E06000034,Thurrock,Age,0-18,500
15/05/2020,E06000035,Medway,Age,0-18,450
15/05/2020,E06000036,Bracknell Forest,Age,0-18,185
15/05/2020,E06000037,West Berkshire,Age,0-18,150
15/05/2020,E06000038,Reading,Age,0-18,195
15/05/2020,E06000039,Slough,Age,0-18,295
15/05/2020,E06000040,Windsor and Maidenhead,Age,0-18,165
15/05/2020,E06000041,Wokingham,Age,0-18,180
15/05/2020,E06000042,Milton Keynes,Age,0-18,745
15/05/2020,E06000043,Brighton and Hove,Age,0-18,350
15/05/2020,E06000044,Portsmouth,Age,0-18,325
15/05/2020,E06000045,Southampton,Age,0-18,370
15/05/2020,E06000046,Isle of Wight,Age,0-18,120
15/05/2020,E06000047,County Durham,Age,0-18,755
15/05/2020,E06000049,Cheshire East,Age,0-18,525
15/05/2020,E06000050,Cheshire West and Chester,Age,0-18,425
15/05/2020,E06000051,Shropshire,Age,0-18,310
15/05/2020,E06000054,Wiltshire,Age,0-18,560
15/05/2020,E06000055,Bedford,Age,0-18,325
15/05/2020,E06000056,Central Bedfordshire,Age,0-18,440
15/05/2020,E06000057,Northumberland,Age,0-18,355
15/05/2020,E06000058,"Bournemouth, Christchurch and Poole",Age,0-18,450
15/05/2020,E06000059,Dorset,Age,0-18,410
15/05/2020,E07000004,Aylesbury Vale,Age,0-18,355
15/05/2020,E07000005,Chiltern,Age,0-18,140
15/05/2020,E07000006,South Bucks,Age,0-18,95
15/05/2020,E07000007,Wycombe,Age,0-18,320
15/05/2020,E07000008,Cambridge,Age,0-18,150
15/05/2020,E07000009,East Cambridgeshire,Age,0-18,130
15/05/2020,E07000010,Fenland,Age,0-18,175
15/05/2020,E07000011,Huntingdonshire,Age,0-18,310
15/05/2020,E07000012,South Cambridgeshire,Age,0-18,250
15/05/2020,E07000026,Allerdale,Age,0-18,105
15/05/2020,E07000027,Barrow-in-Furness,Age,0-18,130
15/05/2020,E07000028,Carlisle,Age,0-18,95
15/05/2020,E07000029,Copeland,Age,0-18,85
15/05/2020,E07000030,Eden,Age,0-18,40
15/05/2020,E07000031,South Lakeland,Age,0-18,115
15/05/2020,E07000032,Amber Valley,Age,0-18,100
15/05/2020,E07000033,Bolsover,Age,0-18,70
15/05/2020,E07000034,Chesterfield,Age,0-18,135
15/05/2020,E07000035,Derbyshire Dales,Age,0-18,60
15/05/2020,E07000036,Erewash,Age,0-18,115
15/05/2020,E07000037,High Peak,Age,0-18,115
15/05/2020,E07000038,North East Derbyshire,Age,0-18,110
15/05/2020,E07000039,South Derbyshire,Age,0-18,165
15/05/2020,E07000040,East Devon,Age,0-18,155
15/05/2020,E07000041,Exeter,Age,0-18,155
15/05/2020,E07000042,Mid Devon,Age,0-18,95
15/05/2020,E07000043,North Devon,Age,0-18,170
15/05/2020,E07000044,South Hams,Age,0-18,110
15/05/2020,E07000045,Teignbridge,Age,0-18,165
15/05/2020,E07000046,Torridge,Age,0-18,120
15/05/2020,E07000047,West Devon,Age,0-18,75
15/05/2020,E07000061,Eastbourne,Age,0-18,135
15/05/2020,E07000062,Hastings,Age,0-18,150
15/05/2020,E07000063,Lewes,Age,0-18,135
15/05/2020,E07000064,Rother,Age,0-18,105
15/05/2020,E07000065,Wealden,Age,0-18,180
15/05/2020,E07000066,Basildon,Age,0-18,390
15/05/2020,E07000067,Braintree,Age,0-18,225
15/05/2020,E07000068,Brentwood,Age,0-18,135
15/05/2020,E07000069,Castle Point,Age,0-18,145
15/05/2020,E07000070,Chelmsford,Age,0-18,240
15/05/2020,E07000071,Colchester,Age,0-18,385
15/05/2020,E07000072,Epping Forest,Age,0-18,215
15/05/2020,E07000073,Harlow,Age,0-18,270
15/05/2020,E07000074,Maldon,Age,0-18,100
15/05/2020,E07000075,Rochford,Age,0-18,240
15/05/2020,E07000076,Tendring,Age,0-18,250
15/05/2020,E07000077,Uttlesford,Age,0-18,115
15/05/2020,E07000078,Cheltenham,Age,0-18,115
15/05/2020,E07000079,Cotswold,Age,0-18,70
15/05/2020,E07000080,Forest of Dean,Age,0-18,85
15/05/2020,E07000081,Gloucester,Age,0-18,205
15/05/2020,E07000082,Stroud,Age,0-18,130
15/05/2020,E07000083,Tewkesbury,Age,0-18,120
15/05/2020,E07000084,Basingstoke and Deane,Age,0-18,215
15/05/2020,E07000085,East Hampshire,Age,0-18,190
15/05/2020,E07000086,Eastleigh,Age,0-18,145
15/05/2020,E07000087,Fareham,Age,0-18,130
15/05/2020,E07000088,Gosport,Age,0-18,115
15/05/2020,E07000089,Hart,Age,0-18,100
15/05/2020,E07000090,Havant,Age,0-18,160
15/05/2020,E07000091,New Forest,Age,0-18,200
15/05/2020,E07000092,Rushmoor,Age,0-18,105
15/05/2020,E07000093,Test Valley,Age,0-18,125
15/05/2020,E07000094,Winchester,Age,0-18,140
15/05/2020,E07000095,Broxbourne,Age,0-18,170
15/05/2020,E07000096,Dacorum,Age,0-18,280
15/05/2020,E07000098,Hertsmere,Age,0-18,170
15/05/2020,E07000099,North Hertfordshire,Age,0-18,175
15/05/2020,E07000102,Three Rivers,Age,0-18,155
15/05/2020,E07000103,Watford,Age,0-18,195
15/05/2020,E07000105,Ashford,Age,0-18,190
15/05/2020,E07000106,Canterbury,Age,0-18,155
15/05/2020,E07000107,Dartford,Age,0-18,195
15/05/2020,E07000108,Dover,Age,0-18,180
15/05/2020,E07000109,Gravesham,Age,0-18,225
15/05/2020,E07000110,Maidstone,Age,0-18,240
15/05/2020,E07000111,Sevenoaks,Age,0-18,155
15/05/2020,E07000112,Folkestone and Hythe,Age,0-18,150
15/05/2020,E07000113,Swale,Age,0-18,255
15/05/2020,E07000114,Thanet,Age,0-18,180
15/05/2020,E07000115,Tonbridge and Malling,Age,0-18,190
15/05/2020,E07000116,Tunbridge Wells,Age,0-18,135
15/05/2020,E07000117,Burnley,Age,0-18,150
15/05/2020,E07000118,Chorley,Age,0-18,125
15/05/2020,E07000119,Fylde,Age,0-18,75
15/05/2020,E07000120,Hyndburn,Age,0-18,175
15/05/2020,E07000121,Lancaster,Age,0-18,195
15/05/2020,E07000122,Pendle,Age,0-18,165
15/05/2020,E07000123,Preston,Age,0-18,225
15/05/2020,E07000124,Ribble Valley,Age,0-18,50
15/05/2020,E07000125,Rossendale,Age,0-18,95
15/05/2020,E07000126,South Ribble,Age,0-18,115
15/05/2020,E07000127,West Lancashire,Age,0-18,185
15/05/2020,E07000128,Wyre,Age,0-18,230
15/05/2020,E07000129,Blaby,Age,0-18,150
15/05/2020,E07000130,Charnwood,Age,0-18,245
15/05/2020,E07000131,Harborough,Age,0-18,115
15/05/2020,E07000132,Hinckley and Bosworth,Age,0-18,140
15/05/2020,E07000133,Melton,Age,0-18,65
15/05/2020,E07000134,North West Leicestershire,Age,0-18,135
15/05/2020,E07000135,Oadby and Wigston,Age,0-18,85
15/05/2020,E07000136,Boston,Age,0-18,100
15/05/2020,E07000137,East Lindsey,Age,0-18,165
15/05/2020,E07000138,Lincoln,Age,0-18,105
15/05/2020,E07000139,North Kesteven,Age,0-18,140
15/05/2020,E07000140,South Holland,Age,0-18,125
15/05/2020,E07000141,South Kesteven,Age,0-18,185
15/05/2020,E07000142,West Lindsey,Age,0-18,90
15/05/2020,E07000143,Breckland,Age,0-18,220
15/05/2020,E07000144,Broadland,Age,0-18,170
15/05/2020,E07000145,Great Yarmouth,Age,0-18,130
15/05/2020,E07000146,King's Lynn and West Norfolk,Age,0-18,240
15/05/2020,E07000147,North Norfolk,Age,0-18,100
15/05/2020,E07000148,Norwich,Age,0-18,220
15/05/2020,E07000149,South Norfolk,Age,0-18,975
15/05/2020,E07000150,Corby,Age,0-18,130
15/05/2020,E07000151,Daventry,Age,0-18,110
15/05/2020,E07000152,East Northamptonshire,Age,0-18,105
15/05/2020,E07000153,Kettering,Age,0-18,165
15/05/2020,E07000154,Northampton,Age,0-18,420
15/05/2020,E07000155,South Northamptonshire,Age,0-18,140
15/05/2020,E07000156,Wellingborough,Age,0-18,190
15/05/2020,E07000163,Craven,Age,0-18,75
15/05/2020,E07000164,Hambleton,Age,0-18,75
15/05/2020,E07000165,Harrogate,Age,0-18,180
15/05/2020,E07000166,Richmondshire,Age,0-18,50
15/05/2020,E07000167,Ryedale,Age,0-18,60
15/05/2020,E07000168,Scarborough,Age,0-18,105
15/05/2020,E07000169,Selby,Age,0-18,85
15/05/2020,E07000170,Ashfield,Age,0-18,140
15/05/2020,E07000171,Bassetlaw,Age,0-18,235
15/05/2020,E07000172,Broxtowe,Age,0-18,115
15/05/2020,E07000173,Gedling,Age,0-18,145
15/05/2020,E07000174,Mansfield,Age,0-18,130
15/05/2020,E07000175,Newark and Sherwood,Age,0-18,135
15/05/2020,E07000176,Rushcliffe,Age,0-18,140
15/05/2020,E07000177,Cherwell,Age,0-18,195
15/05/2020,E07000178,Oxford,Age,0-18,140
15/05/2020,E07000179,South Oxfordshire,Age,0-18,150
15/05/2020,E07000180,Vale of White Horse,Age,0-18,150
15/05/2020,E07000181,West Oxfordshire,Age,0-18,130
15/05/2020,E07000187,Mendip,Age,0-18,120
15/05/2020,E07000188,Sedgemoor,Age,0-18,195
15/05/2020,E07000189,South Somerset,Age,0-18,165
15/05/2020,E07000192,Cannock Chase,Age,0-18,115
15/05/2020,E07000193,East Staffordshire,Age,0-18,285
15/05/2020,E07000194,Lichfield,Age,0-18,165
15/05/2020,E07000195,Newcastle-under-Lyme,Age,0-18,120
15/05/2020,E07000196,South Staffordshire,Age,0-18,85
15/05/2020,E07000197,Stafford,Age,0-18,210
15/05/2020,E07000198,Staffordshire Moorlands,Age,0-18,105
15/05/2020,E07000199,Tamworth,Age,0-18,105
15/05/2020,E07000200,Babergh,Age,0-18,150
15/05/2020,E07000202,Ipswich,Age,0-18,350
15/05/2020,E07000203,Mid Suffolk,Age,0-18,180
15/05/2020,E07000207,Elmbridge,Age,0-18,185
15/05/2020,E07000208,Epsom and Ewell,Age,0-18,125
15/05/2020,E07000209,Guildford,Age,0-18,135
15/05/2020,E07000210,Mole Valley,Age,0-18,95
15/05/2020,E07000211,Reigate and Banstead,Age,0-18,210
15/05/2020,E07000212,Runnymede,Age,0-18,135
15/05/2020,E07000213,Spelthorne,Age,0-18,145
15/05/2020,E07000214,Surrey Heath,Age,0-18,85
15/05/2020,E07000215,Tandridge,Age,0-18,125
15/05/2020,E07000216,Waverley,Age,0-18,150
15/05/2020,E07000217,Woking,Age,0-18,160
15/05/2020,E07000218,North Warwickshire,Age,0-18,85
15/05/2020,E07000219,Nuneaton and Bedworth,Age,0-18,210
15/05/2020,E07000220,Rugby,Age,0-18,115
15/05/2020,E07000221,Stratford-on-Avon,Age,0-18,115
15/05/2020,E07000222,Warwick,Age,0-18,155
15/05/2020,E07000223,Adur,Age,0-18,70
15/05/2020,E07000224,Arun,Age,0-18,210
15/05/2020,E07000225,Chichester,Age,0-18,160
15/05/2020,E07000226,Crawley,Age,0-18,235
15/05/2020,E07000227,Horsham,Age,0-18,155
15/05/2020,E07000228,Mid Sussex,Age,0-18,190
15/05/2020,E07000229,Worthing,Age,0-18,130
15/05/2020,E07000234,Bromsgrove,Age,0-18,105
15/05/2020,E07000235,Malvern Hills,Age,0-18,75
15/05/2020,E07000236,Redditch,Age,0-18,105
15/05/2020,E07000237,Worcester,Age,0-18,110
15/05/2020,E07000238,Wychavon,Age,0-18,120
15/05/2020,E07000239,Wyre Forest,Age,0-18,90
15/05/2020,E07000240,St Albans,Age,0-18,245
15/05/2020,E07000241,Welwyn Hatfield,Age,0-18,330
15/05/2020,E07000242,East Hertfordshire,Age,0-18,255
15/05/2020,E07000243,Stevenage,Age,0-18,125
15/05/2020,E07000244,East Suffolk,Age,0-18,360
15/05/2020,E07000245,West Suffolk,Age,0-18,240
15/05/2020,E07000246,Somerset West and Taunton,Age,0-18,170
15/05/2020,E08000001,Bolton,Age,0-18,675
15/05/2020,E08000002,Bury,Age,0-18,395
15/05/2020,E08000003,Manchester,Age,0-18,2400
15/05/2020,E08000004,Oldham,Age,0-18,615
15/05/2020,E08000005,Rochdale,Age,0-18,450
15/05/2020,E08000006,Salford,Age,0-18,515
15/05/2020,E08000007,Stockport,Age,0-18,565
15/05/2020,E08000008,Tameside,Age,0-18,440
15/05/2020,E08000009,Trafford,Age,0-18,800
15/05/2020,E08000010,Wigan,Age,0-18,440
15/05/2020,E08000011,Knowsley,Age,0-18,290
15/05/2020,E08000012,Liverpool,Age,0-18,1415
15/05/2020,E08000013,St. Helens,Age,0-18,375
15/05/2020,E08000014,Sefton,Age,0-18,645
15/05/2020,E08000015,Wirral,Age,0-18,460
15/05/2020,E08000016,Barnsley,Age,0-18,580
15/05/2020,E08000017,Doncaster,Age,0-18,475
15/05/2020,E08000018,Rotherham,Age,0-18,440
15/05/2020,E08000019,Sheffield,Age,0-18,995
15/05/2020,E08000021,Newcastle upon Tyne,Age,0-18,425
15/05/2020,E08000022,North Tyneside,Age,0-18,310
15/05/2020,E08000023,South Tyneside,Age,0-18,170
15/05/2020,E08000024,Sunderland,Age,0-18,375
15/05/2020,E08000025,Birmingham,Age,0-18,2310
15/05/2020,E08000026,Coventry,Age,0-18,635
15/05/2020,E08000027,Dudley,Age,0-18,435
15/05/2020,E08000028,Sandwell,Age,0-18,585
15/05/2020,E08000029,Solihull,Age,0-18,255
15/05/2020,E08000030,Walsall,Age,0-18,395
15/05/2020,E08000031,Wolverhampton,Age,0-18,430
15/05/2020,E08000032,Bradford,Age,0-18,1260
15/05/2020,E08000033,Calderdale,Age,0-18,330
15/05/2020,E08000034,Kirklees,Age,0-18,750
15/05/2020,E08000035,Leeds,Age,0-18,1445
15/05/2020,E08000036,Wakefield,Age,0-18,490
15/05/2020,E08000037,Gateshead,Age,0-18,215
15/05/2020,E09000002,Barking and Dagenham,Age,0-18,690
15/05/2020,E09000003,Barnet,Age,0-18,740
15/05/2020,E09000004,Bexley,Age,0-18,460
15/05/2020,E09000005,Brent,Age,0-18,1250
15/05/2020,E09000006,Bromley,Age,0-18,505
15/05/2020,E09000007,Camden,Age,0-18,350
15/05/2020,E09000008,Croydon,Age,0-18,890
15/05/2020,E09000009,Ealing,Age,0-18,965
15/05/2020,E09000010,Enfield,Age,0-18,660
15/05/2020,E09000011,Greenwich,Age,0-18,645
15/05/2020,E09000013,Hammersmith and Fulham,Age,0-18,365
15/05/2020,E09000014,Haringey,Age,0-18,540
15/05/2020,E09000015,Harrow,Age,0-18,565
15/05/2020,E09000016,Havering,Age,0-18,430
15/05/2020,E09000017,Hillingdon,Age,0-18,785
15/05/2020,E09000018,Hounslow,Age,0-18,590
15/05/2020,E09000019,Islington,Age,0-18,475
15/05/2020,E09000020,Kensington and Chelsea,Age,0-18,260
15/05/2020,E09000021,Kingston upon Thames,Age,0-18,305
15/05/2020,E09000022,Lambeth,Age,0-18,620
15/05/2020,E09000023,Lewisham,Age,0-18,670
15/05/2020,E09000024,Merton,Age,0-18,355
15/05/2020,E09000025,Newham,Age,0-18,875
15/05/2020,E09000026,Redbridge,Age,0-18,580
15/05/2020,E09000027,Richmond upon Thames,Age,0-18,320
15/05/2020,E09000028,Southwark,Age,0-18,710
15/05/2020,E09000029,Sutton,Age,0-18,355
15/05/2020,E09000030,Tower Hamlets,Age,0-18,665
15/05/2020,E09000031,Waltham Forest,Age,0-18,550
15/05/2020,E09000032,Wandsworth,Age,0-18,460
15/05/2020,E09000033,Westminster,Age,0-18,485
15/05/2020,E06000052+E06000053,Cornwall and Isles of Scilly,Age,0-18,955
15/05/2020,E09000012+E09000001,Hackney and City of London,Age,0-18,570
15/05/2020,E06000001,Hartlepool,Age,19-69,2410
15/05/2020,E06000002,Middlesbrough,Age,19-69,3490
15/05/2020,E06000003,Redcar and Cleveland,Age,19-69,3315
15/05/2020,E06000004,Stockton-on-Tees,Age,19-69,4730
15/05/2020,E06000005,Darlington,Age,19-69,2720
15/05/2020,E06000006,Halton,Age,19-69,3470
15/05/2020,E06000007,Warrington,Age,19-69,4575
15/05/2020,E06000008,Blackburn with Darwen,Age,19-69,3000
15/05/2020,E06000009,Blackpool,Age,19-69,3635
15/05/2020,E06000010,"Kingston upon Hull, City of",Age,19-69,6290
15/05/2020,E06000011,East Riding of Yorkshire,Age,19-69,6675
15/05/2020,E06000012,North East Lincolnshire,Age,19-69,3410
15/05/2020,E06000013,North Lincolnshire,Age,19-69,3465
15/05/2020,E06000014,York,Age,19-69,3420
15/05/2020,E06000015,Derby,Age,19-69,4460
15/05/2020,E06000016,Leicester,Age,19-69,8355
15/05/2020,E06000017,Rutland,Age,19-69,530
15/05/2020,E06000018,Nottingham,Age,19-69,6605
15/05/2020,E06000019,"Herefordshire, County of",Age,19-69,3895
15/05/2020,E06000020,Telford and Wrekin,Age,19-69,3065
15/05/2020,E06000021,Stoke-on-Trent,Age,19-69,5455
15/05/2020,E06000022,Bath and North East Somerset,Age,19-69,3245
15/05/2020,E06000023,"Bristol, City of",Age,19-69,8865
15/05/2020,E06000024,North Somerset,Age,19-69,3855
15/05/2020,E06000025,South Gloucestershire,Age,19-69,5495
15/05/2020,E06000026,Plymouth,Age,19-69,5910
15/05/2020,E06000027,Torbay,Age,19-69,2940
15/05/2020,E06000030,Swindon,Age,19-69,4420
15/05/2020,E06000031,Peterborough,Age,19-69,3070
15/05/2020,E06000032,Luton,Age,19-69,5890
15/05/2020,E06000033,Southend-on-Sea,Age,19-69,3770
15/05/2020,E06000034,Thurrock,Age,19-69,4720
15/05/2020,E06000035,Medway,Age,19-69,5470
15/05/2020,E06000036,Bracknell Forest,Age,19-69,2235
15/05/2020,E06000037,West Berkshire,Age,19-69,2160
15/05/2020,E06000038,Reading,Age,19-69,2615
15/05/2020,E06000039,Slough,Age,19-69,2565
15/05/2020,E06000040,Windsor and Maidenhead,Age,19-69,2145
15/05/2020,E06000041,Wokingham,Age,19-69,2250
15/05/2020,E06000042,Milton Keynes,Age,19-69,7820
15/05/2020,E06000043,Brighton and Hove,Age,19-69,6030
15/05/2020,E06000044,Portsmouth,Age,19-69,4120
15/05/2020,E06000045,Southampton,Age,19-69,5420
15/05/2020,E06000046,Isle of Wight,Age,19-69,2545
15/05/2020,E06000047,County Durham,Age,19-69,13125
15/05/2020,E06000049,Cheshire East,Age,19-69,7015
15/05/2020,E06000050,Cheshire West and Chester,Age,19-69,7210
15/05/2020,E06000051,Shropshire,Age,19-69,4975
15/05/2020,E06000054,Wiltshire,Age,19-69,8865
15/05/2020,E06000055,Bedford,Age,19-69,3380
15/05/2020,E06000056,Central Bedfordshire,Age,19-69,6230
15/05/2020,E06000057,Northumberland,Age,19-69,7610
15/05/2020,E06000058,"Bournemouth, Christchurch and Poole",Age,19-69,8140
15/05/2020,E06000059,Dorset,Age,19-69,7160
15/05/2020,E07000004,Aylesbury Vale,Age,19-69,3360
15/05/2020,E07000005,Chiltern,Age,19-69,1485
15/05/2020,E07000006,South Bucks,Age,19-69,1165
15/05/2020,E07000007,Wycombe,Age,19-69,2940
15/05/2020,E07000008,Cambridge,Age,19-69,1945
15/05/2020,E07000009,East Cambridgeshire,Age,19-69,1585
15/05/2020,E07000010,Fenland,Age,19-69,2385
15/05/2020,E07000011,Huntingdonshire,Age,19-69,3645
15/05/2020,E07000012,South Cambridgeshire,Age,19-69,2930
15/05/2020,E07000026,Allerdale,Age,19-69,2095
15/05/2020,E07000027,Barrow-in-Furness,Age,19-69,2690
15/05/2020,E07000028,Carlisle,Age,19-69,2040
15/05/2020,E07000029,Copeland,Age,19-69,1595
15/05/2020,E07000030,Eden,Age,19-69,1175
15/05/2020,E07000031,South Lakeland,Age,19-69,1885
15/05/2020,E07000032,Amber Valley,Age,19-69,2225
15/05/2020,E07000033,Bolsover,Age,19-69,1975
15/05/2020,E07000034,Chesterfield,Age,19-69,2095
15/05/2020,E07000035,Derbyshire Dales,Age,19-69,1305
15/05/2020,E07000036,Erewash,Age,19-69,2045
15/05/2020,E07000037,High Peak,Age,19-69,1880
15/05/2020,E07000038,North East Derbyshire,Age,19-69,1955
15/05/2020,E07000039,South Derbyshire,Age,19-69,1810
15/05/2020,E07000040,East Devon,Age,19-69,2545
15/05/2020,E07000041,Exeter,Age,19-69,1950
15/05/2020,E07000042,Mid Devon,Age,19-69,1505
15/05/2020,E07000043,North Devon,Age,19-69,2280
15/05/2020,E07000044,South Hams,Age,19-69,1515
15/05/2020,E07000045,Teignbridge,Age,19-69,2930
15/05/2020,E07000046,Torridge,Age,19-69,1580
15/05/2020,E07000047,West Devon,Age,19-69,1140
15/05/2020,E07000061,Eastbourne,Age,19-69,1815
15/05/2020,E07000062,Hastings,Age,19-69,1930
15/05/2020,E07000063,Lewes,Age,19-69,2030
15/05/2020,E07000064,Rother,Age,19-69,1640
15/05/2020,E07000065,Wealden,Age,19-69,2740
15/05/2020,E07000066,Basildon,Age,19-69,4305
15/05/2020,E07000067,Braintree,Age,19-69,3495
15/05/2020,E07000068,Brentwood,Age,19-69,1330
15/05/2020,E07000069,Castle Point,Age,19-69,1745
15/05/2020,E07000070,Chelmsford,Age,19-69,3025
15/05/2020,E07000071,Colchester,Age,19-69,3505
15/05/2020,E07000072,Epping Forest,Age,19-69,2550
15/05/2020,E07000073,Harlow,Age,19-69,2705
15/05/2020,E07000074,Maldon,Age,19-69,1330
15/05/2020,E07000075,Rochford,Age,19-69,2265
15/05/2020,E07000076,Tendring,Age,19-69,3765
15/05/2020,E07000077,Uttlesford,Age,19-69,1310
15/05/2020,E07000078,Cheltenham,Age,19-69,2100
15/05/2020,E07000079,Cotswold,Age,19-69,1685
15/05/2020,E07000080,Forest of Dean,Age,19-69,1730
15/05/2020,E07000081,Gloucester,Age,19-69,3100
15/05/2020,E07000082,Stroud,Age,19-69,2320
15/05/2020,E07000083,Tewkesbury,Age,19-69,1720
15/05/2020,E07000084,Basingstoke and Deane,Age,19-69,3430
15/05/2020,E07000085,East Hampshire,Age,19-69,2725
15/05/2020,E07000086,Eastleigh,Age,19-69,2100
15/05/2020,E07000087,Fareham,Age,19-69,2040
15/05/2020,E07000088,Gosport,Age,19-69,1870
15/05/2020,E07000089,Hart,Age,19-69,1645
15/05/2020,E07000090,Havant,Age,19-69,2975
15/05/2020,E07000091,New Forest,Age,19-69,3510
15/05/2020,E07000092,Rushmoor,Age,19-69,1830
15/05/2020,E07000093,Test Valley,Age,19-69,2045
15/05/2020,E07000094,Winchester,Age,19-69,1885
15/05/2020,E07000095,Broxbourne,Age,19-69,1855
15/05/2020,E07000096,Dacorum,Age,19-69,2760
15/05/2020,E07000098,Hertsmere,Age,19-69,1945
15/05/2020,E07000099,North Hertfordshire,Age,19-69,2595
15/05/2020,E07000102,Three Rivers,Age,19-69,1615
15/05/2020,E07000103,Watford,Age,19-69,1560
15/05/2020,E07000105,Ashford,Age,19-69,2300
15/05/2020,E07000106,Canterbury,Age,19-69,2580
15/05/2020,E07000107,Dartford,Age,19-69,2050
15/05/2020,E07000108,Dover,Age,19-69,2715
15/05/2020,E07000109,Gravesham,Age,19-69,2200
15/05/2020,E07000110,Maidstone,Age,19-69,2585
15/05/2020,E07000111,Sevenoaks,Age,19-69,2090
15/05/2020,E07000112,Folkestone and Hythe,Age,19-69,2430
15/05/2020,E07000113,Swale,Age,19-69,3205
15/05/2020,E07000114,Thanet,Age,19-69,3095
15/05/2020,E07000115,Tonbridge and Malling,Age,19-69,1950
15/05/2020,E07000116,Tunbridge Wells,Age,19-69,1585
15/05/2020,E07000117,Burnley,Age,19-69,2000
15/05/2020,E07000118,Chorley,Age,19-69,1860
15/05/2020,E07000119,Fylde,Age,19-69,1445
15/05/2020,E07000120,Hyndburn,Age,19-69,1580
15/05/2020,E07000121,Lancaster,Age,19-69,2905
15/05/2020,E07000122,Pendle,Age,19-69,1915
15/05/2020,E07000123,Preston,Age,19-69,2325
15/05/2020,E07000124,Ribble Valley,Age,19-69,840
15/05/2020,E07000125,Rossendale,Age,19-69,1370
15/05/2020,E07000126,South Ribble,Age,19-69,1810
15/05/2020,E07000127,West Lancashire,Age,19-69,2360
15/05/2020,E07000128,Wyre,Age,19-69,2520
15/05/2020,E07000129,Blaby,Age,19-69,1950
15/05/2020,E07000130,Charnwood,Age,19-69,3330
15/05/2020,E07000131,Harborough,Age,19-69,1640
15/05/2020,E07000132,Hinckley and Bosworth,Age,19-69,2185
15/05/2020,E07000133,Melton,Age,19-69,935
15/05/2020,E07000134,North West Leicestershire,Age,19-69,1930
15/05/2020,E07000135,Oadby and Wigston,Age,19-69,1050
15/05/2020,E07000136,Boston,Age,19-69,1495
15/05/2020,E07000137,East Lindsey,Age,19-69,2805
15/05/2020,E07000138,Lincoln,Age,19-69,1610
15/05/2020,E07000139,North Kesteven,Age,19-69,2160
15/05/2020,E07000140,South Holland,Age,19-69,1660
15/05/2020,E07000141,South Kesteven,Age,19-69,3050
15/05/2020,E07000142,West Lindsey,Age,19-69,1705
15/05/2020,E07000143,Breckland,Age,19-69,2730
15/05/2020,E07000144,Broadland,Age,19-69,2840
15/05/2020,E07000145,Great Yarmouth,Age,19-69,2165
15/05/2020,E07000146,King's Lynn and West Norfolk,Age,19-69,3180
15/05/2020,E07000147,North Norfolk,Age,19-69,2245
15/05/2020,E07000148,Norwich,Age,19-69,3310
15/05/2020,E07000149,South Norfolk,Age,19-69,3065
15/05/2020,E07000150,Corby,Age,19-69,1545
15/05/2020,E07000151,Daventry,Age,19-69,1545
15/05/2020,E07000152,East Northamptonshire,Age,19-69,1385
15/05/2020,E07000153,Kettering,Age,19-69,1995
15/05/2020,E07000154,Northampton,Age,19-69,3915
15/05/2020,E07000155,South Northamptonshire,Age,19-69,1585
15/05/2020,E07000156,Wellingborough,Age,19-69,2020
15/05/2020,E07000163,Craven,Age,19-69,1255
15/05/2020,E07000164,Hambleton,Age,19-69,1475
15/05/2020,E07000165,Harrogate,Age,19-69,2785
15/05/2020,E07000166,Richmondshire,Age,19-69,705
15/05/2020,E07000167,Ryedale,Age,19-69,950
15/05/2020,E07000168,Scarborough,Age,19-69,2165
15/05/2020,E07000169,Selby,Age,19-69,1705
15/05/2020,E07000170,Ashfield,Age,19-69,2950
15/05/2020,E07000171,Bassetlaw,Age,19-69,4055
15/05/2020,E07000172,Broxtowe,Age,19-69,1895
15/05/2020,E07000173,Gedling,Age,19-69,2550
15/05/2020,E07000174,Mansfield,Age,19-69,2505
15/05/2020,E07000175,Newark and Sherwood,Age,19-69,2625
15/05/2020,E07000176,Rushcliffe,Age,19-69,1710
15/05/2020,E07000177,Cherwell,Age,19-69,2435
15/05/2020,E07000178,Oxford,Age,19-69,2140
15/05/2020,E07000179,South Oxfordshire,Age,19-69,2180
15/05/2020,E07000180,Vale of White Horse,Age,19-69,1955
15/05/2020,E07000181,West Oxfordshire,Age,19-69,1800
15/05/2020,E07000187,Mendip,Age,19-69,1955
15/05/2020,E07000188,Sedgemoor,Age,19-69,2705
15/05/2020,E07000189,South Somerset,Age,19-69,3280
15/05/2020,E07000192,Cannock Chase,Age,19-69,1835
15/05/2020,E07000193,East Staffordshire,Age,19-69,2495
15/05/2020,E07000194,Lichfield,Age,19-69,2040
15/05/2020,E07000195,Newcastle-under-Lyme,Age,19-69,2145
15/05/2020,E07000196,South Staffordshire,Age,19-69,1825
15/05/2020,E07000197,Stafford,Age,19-69,3145
15/05/2020,E07000198,Staffordshire Moorlands,Age,19-69,1770
15/05/2020,E07000199,Tamworth,Age,19-69,1425
15/05/2020,E07000200,Babergh,Age,19-69,1860
15/05/2020,E07000202,Ipswich,Age,19-69,3515
15/05/2020,E07000203,Mid Suffolk,Age,19-69,2230
15/05/2020,E07000207,Elmbridge,Age,19-69,1970
15/05/2020,E07000208,Epsom and Ewell,Age,19-69,1245
15/05/2020,E07000209,Guildford,Age,19-69,2330
15/05/2020,E07000210,Mole Valley,Age,19-69,1365
15/05/2020,E07000211,Reigate and Banstead,Age,19-69,2420
15/05/2020,E07000212,Runnymede,Age,19-69,1285
15/05/2020,E07000213,Spelthorne,Age,19-69,1665
15/05/2020,E07000214,Surrey Heath,Age,19-69,1505
15/05/2020,E07000215,Tandridge,Age,19-69,1455
15/05/2020,E07000216,Waverley,Age,19-69,2140
15/05/2020,E07000217,Woking,Age,19-69,1630
15/05/2020,E07000218,North Warwickshire,Age,19-69,1145
15/05/2020,E07000219,Nuneaton and Bedworth,Age,19-69,2475
15/05/2020,E07000220,Rugby,Age,19-69,1830
15/05/2020,E07000221,Stratford-on-Avon,Age,19-69,2105
15/05/2020,E07000222,Warwick,Age,19-69,2385
15/05/2020,E07000223,Adur,Age,19-69,1290
15/05/2020,E07000224,Arun,Age,19-69,3250
15/05/2020,E07000225,Chichester,Age,19-69,2565
15/05/2020,E07000226,Crawley,Age,19-69,2260
15/05/2020,E07000227,Horsham,Age,19-69,2525
15/05/2020,E07000228,Mid Sussex,Age,19-69,2530
15/05/2020,E07000229,Worthing,Age,19-69,1970
15/05/2020,E07000234,Bromsgrove,Age,19-69,1500
15/05/2020,E07000235,Malvern Hills,Age,19-69,1255
15/05/2020,E07000236,Redditch,Age,19-69,1435
15/05/2020,E07000237,Worcester,Age,19-69,1660
15/05/2020,E07000238,Wychavon,Age,19-69,2290
15/05/2020,E07000239,Wyre Forest,Age,19-69,1725
15/05/2020,E07000240,St Albans,Age,19-69,2115
15/05/2020,E07000241,Welwyn Hatfield,Age,19-69,2195
15/05/2020,E07000242,East Hertfordshire,Age,19-69,3160
15/05/2020,E07000243,Stevenage,Age,19-69,1665
15/05/2020,E07000244,East Suffolk,Age,19-69,5435
15/05/2020,E07000245,West Suffolk,Age,19-69,3405
15/05/2020,E07000246,Somerset West and Taunton,Age,19-69,2960
15/05/2020,E08000001,Bolton,Age,19-69,8085
15/05/2020,E08000002,Bury,Age,19-69,4765
15/05/2020,E08000003,Manchester,Age,19-69,12375
15/05/2020,E08000004,Oldham,Age,19-69,5325
15/05/2020,E08000005,Rochdale,Age,19-69,4630
15/05/2020,E08000006,Salford,Age,19-69,6115
15/05/2020,E08000007,Stockport,Age,19-69,5805
15/05/2020,E08000008,Tameside,Age,19-69,5365
15/05/2020,E08000009,Trafford,Age,19-69,4710
15/05/2020,E08000010,Wigan,Age,19-69,7420
15/05/2020,E08000011,Knowsley,Age,19-69,4875
15/05/2020,E08000012,Liverpool,Age,19-69,25820
15/05/2020,E08000013,St. Helens,Age,19-69,6425
15/05/2020,E08000014,Sefton,Age,19-69,10735
15/05/2020,E08000015,Wirral,Age,19-69,7675
15/05/2020,E08000016,Barnsley,Age,19-69,7175
15/05/2020,E08000017,Doncaster,Age,19-69,8950
15/05/2020,E08000018,Rotherham,Age,19-69,6625
15/05/2020,E08000019,Sheffield,Age,19-69,14805
15/05/2020,E08000021,Newcastle upon Tyne,Age,19-69,5465
15/05/2020,E08000022,North Tyneside,Age,19-69,5005
15/05/2020,E08000023,South Tyneside,Age,19-69,3825
15/05/2020,E08000024,Sunderland,Age,19-69,6750
15/05/2020,E08000025,Birmingham,Age,19-69,19340
15/05/2020,E08000026,Coventry,Age,19-69,7755
15/05/2020,E08000027,Dudley,Age,19-69,6850
15/05/2020,E08000028,Sandwell,Age,19-69,6420
15/05/2020,E08000029,Solihull,Age,19-69,3225
15/05/2020,E08000030,Walsall,Age,19-69,5570
15/05/2020,E08000031,Wolverhampton,Age,19-69,4815
15/05/2020,E08000032,Bradford,Age,19-69,14970
15/05/2020,E08000033,Calderdale,Age,19-69,4515
15/05/2020,E08000034,Kirklees,Age,19-69,9270
15/05/2020,E08000035,Leeds,Age,19-69,24960
15/05/2020,E08000036,Wakefield,Age,19-69,7055
15/05/2020,E08000037,Gateshead,Age,19-69,4345
15/05/2020,E09000002,Barking and Dagenham,Age,19-69,4815
15/05/2020,E09000003,Barnet,Age,19-69,6875
15/05/2020,E09000004,Bexley,Age,19-69,4460
15/05/2020,E09000005,Brent,Age,19-69,10195
15/05/2020,E09000006,Bromley,Age,19-69,5595
15/05/2020,E09000007,Camden,Age,19-69,4025
15/05/2020,E09000008,Croydon,Age,19-69,7640
15/05/2020,E09000009,Ealing,Age,19-69,11535
15/05/2020,E09000010,Enfield,Age,19-69,5375
15/05/2020,E09000011,Greenwich,Age,19-69,5155
15/05/2020,E09000013,Hammersmith and Fulham,Age,19-69,5300
15/05/2020,E09000014,Haringey,Age,19-69,5565
15/05/2020,E09000015,Harrow,Age,19-69,6210
15/05/2020,E09000016,Havering,Age,19-69,4310
15/05/2020,E09000017,Hillingdon,Age,19-69,7390
15/05/2020,E09000018,Hounslow,Age,19-69,12365
15/05/2020,E09000019,Islington,Age,19-69,4210
15/05/2020,E09000020,Kensington and Chelsea,Age,19-69,3105
15/05/2020,E09000021,Kingston upon Thames,Age,19-69,2970
15/05/2020,E09000022,Lambeth,Age,19-69,5750
15/05/2020,E09000023,Lewisham,Age,19-69,5935
15/05/2020,E09000024,Merton,Age,19-69,3445
15/05/2020,E09000025,Newham,Age,19-69,7605
15/05/2020,E09000026,Redbridge,Age,19-69,5195
15/05/2020,E09000027,Richmond upon Thames,Age,19-69,3635
15/05/2020,E09000028,Southwark,Age,19-69,6045
15/05/2020,E09000029,Sutton,Age,19-69,3715
15/05/2020,E09000030,Tower Hamlets,Age,19-69,4975
15/05/2020,E09000031,Waltham Forest,Age,19-69,4640
15/05/2020,E09000032,Wandsworth,Age,19-69,4965
15/05/2020,E09000033,Westminster,Age,19-69,4975
15/05/2020,E06000052+E06000053,Cornwall and Isles of Scilly,Age,19-69,12775
15/05/2020,E09000012+E09000001,Hackney and City of London,Age,19-69,5340
15/05/2020,E06000001,Hartlepool,Age,70+,1785
15/05/2020,E06000002,Middlesbrough,Age,70+,2330
15/05/2020,E06000003,Redcar and Cleveland,Age,70+,2640
15/05/2020,E06000004,Stockton-on-Tees,Age,70+,3920
15/05/2020,E06000005,Darlington,Age,70+,2280
15/05/2020,E06000006,Halton,Age,70+,2465
15/05/2020,E06000007,Warrington,Age,70+,3485
15/05/2020,E06000008,Blackburn with Darwen,Age,70+,2060
15/05/2020,E06000009,Blackpool,Age,70+,2835
15/05/2020,E06000010,"Kingston upon Hull, City of",Age,70+,4545
15/05/2020,E06000011,East Riding of Yorkshire,Age,70+,7300
15/05/2020,E06000012,North East Lincolnshire,Age,70+,2675
15/05/2020,E06000013,North Lincolnshire,Age,70+,2800
15/05/2020,E06000014,York,Age,70+,3910
15/05/2020,E06000015,Derby,Age,70+,3020
15/05/2020,E06000016,Leicester,Age,70+,4135
15/05/2020,E06000017,Rutland,Age,70+,610
15/05/2020,E06000018,Nottingham,Age,70+,3525
15/05/2020,E06000019,"Herefordshire, County of",Age,70+,3695
15/05/2020,E06000020,Telford and Wrekin,Age,70+,2100
15/05/2020,E06000021,Stoke-on-Trent,Age,70+,5230
15/05/2020,E06000022,Bath and North East Somerset,Age,70+,3300
15/05/2020,E06000023,"Bristol, City of",Age,70+,5165
15/05/2020,E06000024,North Somerset,Age,70+,3385
15/05/2020,E06000025,South Gloucestershire,Age,70+,5020
15/05/2020,E06000026,Plymouth,Age,70+,4460
15/05/2020,E06000027,Torbay,Age,70+,2735
15/05/2020,E06000030,Swindon,Age,70+,2995
15/05/2020,E06000031,Peterborough,Age,70+,1985
15/05/2020,E06000032,Luton,Age,70+,2890
15/05/2020,E06000033,Southend-on-Sea,Age,70+,2890
15/05/2020,E06000034,Thurrock,Age,70+,4180
15/05/2020,E06000035,Medway,Age,70+,3890
15/05/2020,E06000036,Bracknell Forest,Age,70+,1630
15/05/2020,E06000037,West Berkshire,Age,70+,1875
15/05/2020,E06000038,Reading,Age,70+,1660
15/05/2020,E06000039,Slough,Age,70+,1195
15/05/2020,E06000040,Windsor and Maidenhead,Age,70+,1710
15/05/2020,E06000041,Wokingham,Age,70+,1890
15/05/2020,E06000042,Milton Keynes,Age,70+,5490
15/05/2020,E06000043,Brighton and Hove,Age,70+,3365
15/05/2020,E06000044,Portsmouth,Age,70+,2515
15/05/2020,E06000045,Southampton,Age,70+,4330
15/05/2020,E06000046,Isle of Wight,Age,70+,2390
15/05/2020,E06000047,County Durham,Age,70+,11485
15/05/2020,E06000049,Cheshire East,Age,70+,6610
15/05/2020,E06000050,Cheshire West and Chester,Age,70+,6175
15/05/2020,E06000051,Shropshire,Age,70+,4920
15/05/2020,E06000054,Wiltshire,Age,70+,8275
15/05/2020,E06000055,Bedford,Age,70+,2140
15/05/2020,E06000056,Central Bedfordshire,Age,70+,5445
15/05/2020,E06000057,Northumberland,Age,70+,9530
15/05/2020,E06000058,"Bournemouth, Christchurch and Poole",Age,70+,7255
15/05/2020,E06000059,Dorset,Age,70+,8125
15/05/2020,E07000004,Aylesbury Vale,Age,70+,2440
15/05/2020,E07000005,Chiltern,Age,70+,1540
15/05/2020,E07000006,South Bucks,Age,70+,1160
15/05/2020,E07000007,Wycombe,Age,70+,2640
15/05/2020,E07000008,Cambridge,Age,70+,1630
15/05/2020,E07000009,East Cambridgeshire,Age,70+,1315
15/05/2020,E07000010,Fenland,Age,70+,1940
15/05/2020,E07000011,Huntingdonshire,Age,70+,2980
15/05/2020,E07000012,South Cambridgeshire,Age,70+,2500
15/05/2020,E07000026,Allerdale,Age,70+,1650
15/05/2020,E07000027,Barrow-in-Furness,Age,70+,1810
15/05/2020,E07000028,Carlisle,Age,70+,1525
15/05/2020,E07000029,Copeland,Age,70+,1175
15/05/2020,E07000030,Eden,Age,70+,1095
15/05/2020,E07000031,South Lakeland,Age,70+,2490
15/05/2020,E07000032,Amber Valley,Age,70+,2010
15/05/2020,E07000033,Bolsover,Age,70+,1435
15/05/2020,E07000034,Chesterfield,Age,70+,1755
15/05/2020,E07000035,Derbyshire Dales,Age,70+,1380
15/05/2020,E07000036,Erewash,Age,70+,1685
15/05/2020,E07000037,High Peak,Age,70+,1670
15/05/2020,E07000038,North East Derbyshire,Age,70+,1830
15/05/2020,E07000039,South Derbyshire,Age,70+,1400
15/05/2020,E07000040,East Devon,Age,70+,3095
15/05/2020,E07000041,Exeter,Age,70+,1420
15/05/2020,E07000042,Mid Devon,Age,70+,1420
15/05/2020,E07000043,North Devon,Age,70+,2130
15/05/2020,E07000044,South Hams,Age,70+,1615
15/05/2020,E07000045,Teignbridge,Age,70+,3205
15/05/2020,E07000046,Torridge,Age,70+,1570
15/05/2020,E07000047,West Devon,Age,70+,1195
15/05/2020,E07000061,Eastbourne,Age,70+,1690
15/05/2020,E07000062,Hastings,Age,70+,1330
15/05/2020,E07000063,Lewes,Age,70+,2355
15/05/2020,E07000064,Rother,Age,70+,1890
15/05/2020,E07000065,Wealden,Age,70+,2830
15/05/2020,E07000066,Basildon,Age,70+,3265
15/05/2020,E07000067,Braintree,Age,70+,2780
15/05/2020,E07000068,Brentwood,Age,70+,1180
15/05/2020,E07000069,Castle Point,Age,70+,2075
15/05/2020,E07000070,Chelmsford,Age,70+,2465
15/05/2020,E07000071,Colchester,Age,70+,2920
15/05/2020,E07000072,Epping Forest,Age,70+,2510
15/05/2020,E07000073,Harlow,Age,70+,1590
15/05/2020,E07000074,Maldon,Age,70+,1640
15/05/2020,E07000075,Rochford,Age,70+,2265
15/05/2020,E07000076,Tendring,Age,70+,3815
15/05/2020,E07000077,Uttlesford,Age,70+,1160
15/05/2020,E07000078,Cheltenham,Age,70+,1800
15/05/2020,E07000079,Cotswold,Age,70+,1775
15/05/2020,E07000080,Forest of Dean,Age,70+,1675
15/05/2020,E07000081,Gloucester,Age,70+,1965
15/05/2020,E07000082,Stroud,Age,70+,2465
15/05/2020,E07000083,Tewkesbury,Age,70+,1555
15/05/2020,E07000084,Basingstoke and Deane,Age,70+,3550
15/05/2020,E07000085,East Hampshire,Age,70+,2460
15/05/2020,E07000086,Eastleigh,Age,70+,1860
15/05/2020,E07000087,Fareham,Age,70+,1970
15/05/2020,E07000088,Gosport,Age,70+,1530
15/05/2020,E07000089,Hart,Age,70+,2260
15/05/2020,E07000090,Havant,Age,70+,2630
15/05/2020,E07000091,New Forest,Age,70+,3955
15/05/2020,E07000092,Rushmoor,Age,70+,1175
15/05/2020,E07000093,Test Valley,Age,70+,1855
15/05/2020,E07000094,Winchester,Age,70+,1915
15/05/2020,E07000095,Broxbourne,Age,70+,1450
15/05/2020,E07000096,Dacorum,Age,70+,2000
15/05/2020,E07000098,Hertsmere,Age,70+,1555
15/05/2020,E07000099,North Hertfordshire,Age,70+,2510
15/05/2020,E07000102,Three Rivers,Age,70+,1370
15/05/2020,E07000103,Watford,Age,70+,905
15/05/2020,E07000105,Ashford,Age,70+,2160
15/05/2020,E07000106,Canterbury,Age,70+,2350
15/05/2020,E07000107,Dartford,Age,70+,1645
15/05/2020,E07000108,Dover,Age,70+,2375
15/05/2020,E07000109,Gravesham,Age,70+,1925
15/05/2020,E07000110,Maidstone,Age,70+,2555
15/05/2020,E07000111,Sevenoaks,Age,70+,2290
15/05/2020,E07000112,Folkestone and Hythe,Age,70+,2260
15/05/2020,E07000113,Swale,Age,70+,2500
15/05/2020,E07000114,Thanet,Age,70+,3090
15/05/2020,E07000115,Tonbridge and Malling,Age,70+,1760
15/05/2020,E07000116,Tunbridge Wells,Age,70+,1730
15/05/2020,E07000117,Burnley,Age,70+,1500
15/05/2020,E07000118,Chorley,Age,70+,1560
15/05/2020,E07000119,Fylde,Age,70+,1515
15/05/2020,E07000120,Hyndburn,Age,70+,1275
15/05/2020,E07000121,Lancaster,Age,70+,2575
15/05/2020,E07000122,Pendle,Age,70+,1350
15/05/2020,E07000123,Preston,Age,70+,1575
15/05/2020,E07000124,Ribble Valley,Age,70+,1010
15/05/2020,E07000125,Rossendale,Age,70+,1090
15/05/2020,E07000126,South Ribble,Age,70+,1800
15/05/2020,E07000127,West Lancashire,Age,70+,2305
15/05/2020,E07000128,Wyre,Age,70+,2720
15/05/2020,E07000129,Blaby,Age,70+,1410
15/05/2020,E07000130,Charnwood,Age,70+,2430
15/05/2020,E07000131,Harborough,Age,70+,1280
15/05/2020,E07000132,Hinckley and Bosworth,Age,70+,1685
15/05/2020,E07000133,Melton,Age,70+,685
15/05/2020,E07000134,North West Leicestershire,Age,70+,1495
15/05/2020,E07000135,Oadby and Wigston,Age,70+,960
15/05/2020,E07000136,Boston,Age,70+,1430
15/05/2020,E07000137,East Lindsey,Age,70+,2910
15/05/2020,E07000138,Lincoln,Age,70+,1010
15/05/2020,E07000139,North Kesteven,Age,70+,2870
15/05/2020,E07000140,South Holland,Age,70+,1480
15/05/2020,E07000141,South Kesteven,Age,70+,3385
15/05/2020,E07000142,West Lindsey,Age,70+,1690
15/05/2020,E07000143,Breckland,Age,70+,2620
15/05/2020,E07000144,Broadland,Age,70+,3115
15/05/2020,E07000145,Great Yarmouth,Age,70+,1790
15/05/2020,E07000146,King's Lynn and West Norfolk,Age,70+,3110
15/05/2020,E07000147,North Norfolk,Age,70+,2785
15/05/2020,E07000148,Norwich,Age,70+,2155
15/05/2020,E07000149,South Norfolk,Age,70+,2725
15/05/2020,E07000150,Corby,Age,70+,940
15/05/2020,E07000151,Daventry,Age,70+,1585
15/05/2020,E07000152,East Northamptonshire,Age,70+,1160
15/05/2020,E07000153,Kettering,Age,70+,1410
15/05/2020,E07000154,Northampton,Age,70+,3460
15/05/2020,E07000155,South Northamptonshire,Age,70+,1590
15/05/2020,E07000156,Wellingborough,Age,70+,1665
15/05/2020,E07000163,Craven,Age,70+,1575
15/05/2020,E07000164,Hambleton,Age,70+,1530
15/05/2020,E07000165,Harrogate,Age,70+,3110
15/05/2020,E07000166,Richmondshire,Age,70+,725
15/05/2020,E07000167,Ryedale,Age,70+,1505
15/05/2020,E07000168,Scarborough,Age,70+,1975
15/05/2020,E07000169,Selby,Age,70+,1405
15/05/2020,E07000170,Ashfield,Age,70+,2490
15/05/2020,E07000171,Bassetlaw,Age,70+,3490
15/05/2020,E07000172,Broxtowe,Age,70+,1620
15/05/2020,E07000173,Gedling,Age,70+,2535
15/05/2020,E07000174,Mansfield,Age,70+,1845
15/05/2020,E07000175,Newark and Sherwood,Age,70+,2065
15/05/2020,E07000176,Rushcliffe,Age,70+,1685
15/05/2020,E07000177,Cherwell,Age,70+,1950
15/05/2020,E07000178,Oxford,Age,70+,1410
15/05/2020,E07000179,South Oxfordshire,Age,70+,2095
15/05/2020,E07000180,Vale of White Horse,Age,70+,1745
15/05/2020,E07000181,West Oxfordshire,Age,70+,1655
15/05/2020,E07000187,Mendip,Age,70+,1690
15/05/2020,E07000188,Sedgemoor,Age,70+,2225
15/05/2020,E07000189,South Somerset,Age,70+,3785
15/05/2020,E07000192,Cannock Chase,Age,70+,1710
15/05/2020,E07000193,East Staffordshire,Age,70+,2365
15/05/2020,E07000194,Lichfield,Age,70+,2205
15/05/2020,E07000195,Newcastle-under-Lyme,Age,70+,1820
15/05/2020,E07000196,South Staffordshire,Age,70+,1750
15/05/2020,E07000197,Stafford,Age,70+,3565
15/05/2020,E07000198,Staffordshire Moorlands,Age,70+,1885
15/05/2020,E07000199,Tamworth,Age,70+,1155
15/05/2020,E07000200,Babergh,Age,70+,1875
15/05/2020,E07000202,Ipswich,Age,70+,2420
15/05/2020,E07000203,Mid Suffolk,Age,70+,2295
15/05/2020,E07000207,Elmbridge,Age,70+,1710
15/05/2020,E07000208,Epsom and Ewell,Age,70+,1030
15/05/2020,E07000209,Guildford,Age,70+,2140
15/05/2020,E07000210,Mole Valley,Age,70+,1285
15/05/2020,E07000211,Reigate and Banstead,Age,70+,2040
15/05/2020,E07000212,Runnymede,Age,70+,1180
15/05/2020,E07000213,Spelthorne,Age,70+,1445
15/05/2020,E07000214,Surrey Heath,Age,70+,1255
15/05/2020,E07000215,Tandridge,Age,70+,1475
15/05/2020,E07000216,Waverley,Age,70+,2215
15/05/2020,E07000217,Woking,Age,70+,1200
15/05/2020,E07000218,North Warwickshire,Age,70+,1220
15/05/2020,E07000219,Nuneaton and Bedworth,Age,70+,1840
15/05/2020,E07000220,Rugby,Age,70+,1365
15/05/2020,E07000221,Stratford-on-Avon,Age,70+,2375
15/05/2020,E07000222,Warwick,Age,70+,2320
15/05/2020,E07000223,Adur,Age,70+,1165
15/05/2020,E07000224,Arun,Age,70+,4460
15/05/2020,E07000225,Chichester,Age,70+,2800
15/05/2020,E07000226,Crawley,Age,70+,1380
15/05/2020,E07000227,Horsham,Age,70+,2330
15/05/2020,E07000228,Mid Sussex,Age,70+,2440
15/05/2020,E07000229,Worthing,Age,70+,1680
15/05/2020,E07000234,Bromsgrove,Age,70+,1490
15/05/2020,E07000235,Malvern Hills,Age,70+,1285
15/05/2020,E07000236,Redditch,Age,70+,1095
15/05/2020,E07000237,Worcester,Age,70+,1030
15/05/2020,E07000238,Wychavon,Age,70+,2215
15/05/2020,E07000239,Wyre Forest,Age,70+,1575
15/05/2020,E07000240,St Albans,Age,70+,1675
15/05/2020,E07000241,Welwyn Hatfield,Age,70+,1535
15/05/2020,E07000242,East Hertfordshire,Age,70+,2800
15/05/2020,E07000243,Stevenage,Age,70+,1015
15/05/2020,E07000244,East Suffolk,Age,70+,8195
15/05/2020,E07000245,West Suffolk,Age,70+,3430
15/05/2020,E07000246,Somerset West and Taunton,Age,70+,2980
15/05/2020,E08000001,Bolton,Age,70+,7045
15/05/2020,E08000002,Bury,Age,70+,4670
15/05/2020,E08000003,Manchester,Age,70+,6225
15/05/2020,E08000004,Oldham,Age,70+,3730
15/05/2020,E08000005,Rochdale,Age,70+,2830
15/05/2020,E08000006,Salford,Age,70+,5375
15/05/2020,E08000007,Stockport,Age,70+,4900
15/05/2020,E08000008,Tameside,Age,70+,3815
15/05/2020,E08000009,Trafford,Age,70+,3845
15/05/2020,E08000010,Wigan,Age,70+,6145
15/05/2020,E08000011,Knowsley,Age,70+,3645
15/05/2020,E08000012,Liverpool,Age,70+,19845
15/05/2020,E08000013,St. Helens,Age,70+,5785
15/05/2020,E08000014,Sefton,Age,70+,11265
15/05/2020,E08000015,Wirral,Age,70+,6875
15/05/2020,E08000016,Barnsley,Age,70+,5955
15/05/2020,E08000017,Doncaster,Age,70+,7675
15/05/2020,E08000018,Rotherham,Age,70+,5655
15/05/2020,E08000019,Sheffield,Age,70+,10730
15/05/2020,E08000021,Newcastle upon Tyne,Age,70+,4215
15/05/2020,E08000022,North Tyneside,Age,70+,4200
15/05/2020,E08000023,South Tyneside,Age,70+,2960
15/05/2020,E08000024,Sunderland,Age,70+,4905
15/05/2020,E08000025,Birmingham,Age,70+,12230
15/05/2020,E08000026,Coventry,Age,70+,4855
15/05/2020,E08000027,Dudley,Age,70+,5135
15/05/2020,E08000028,Sandwell,Age,70+,4995
15/05/2020,E08000029,Solihull,Age,70+,3345
15/05/2020,E08000030,Walsall,Age,70+,4260
15/05/2020,E08000031,Wolverhampton,Age,70+,3155
15/05/2020,E08000032,Bradford,Age,70+,9855
15/05/2020,E08000033,Calderdale,Age,70+,3645
15/05/2020,E08000034,Kirklees,Age,70+,8495
15/05/2020,E08000035,Leeds,Age,70+,19020
15/05/2020,E08000036,Wakefield,Age,70+,5745
15/05/2020,E08000037,Gateshead,Age,70+,4375
15/05/2020,E09000002,Barking and Dagenham,Age,70+,2350
15/05/2020,E09000003,Barnet,Age,70+,5040
15/05/2020,E09000004,Bexley,Age,70+,4070
15/05/2020,E09000005,Brent,Age,70+,6920
15/05/2020,E09000006,Bromley,Age,70+,4755
15/05/2020,E09000007,Camden,Age,70+,2425
15/05/2020,E09000008,Croydon,Age,70+,4180
15/05/2020,E09000009,Ealing,Age,70+,9585
15/05/2020,E09000010,Enfield,Age,70+,3465
15/05/2020,E09000011,Greenwich,Age,70+,2240
15/05/2020,E09000013,Hammersmith and Fulham,Age,70+,3230
15/05/2020,E09000014,Haringey,Age,70+,2885
15/05/2020,E09000015,Harrow,Age,70+,5755
15/05/2020,E09000016,Havering,Age,70+,4045
15/05/2020,E09000017,Hillingdon,Age,70+,7050
15/05/2020,E09000018,Hounslow,Age,70+,8760
15/05/2020,E09000019,Islington,Age,70+,2090
15/05/2020,E09000020,Kensington and Chelsea,Age,70+,2735
15/05/2020,E09000021,Kingston upon Thames,Age,70+,1980
15/05/2020,E09000022,Lambeth,Age,70+,2475
15/05/2020,E09000023,Lewisham,Age,70+,2670
15/05/2020,E09000024,Merton,Age,70+,2435
15/05/2020,E09000025,Newham,Age,70+,3260
15/05/2020,E09000026,Redbridge,Age,70+,2960
15/05/2020,E09000027,Richmond upon Thames,Age,70+,3005
15/05/2020,E09000028,Southwark,Age,70+,2865
15/05/2020,E09000029,Sutton,Age,70+,2555
15/05/2020,E09000030,Tower Hamlets,Age,70+,2390
15/05/2020,E09000031,Waltham Forest,Age,70+,2285
15/05/2020,E09000032,Wandsworth,Age,70+,3095
15/05/2020,E09000033,Westminster,Age,70+,3720
15/05/2020,E06000052+E06000053,Cornwall and Isles of Scilly,Age,70+,10930
15/05/2020,E09000012+E09000001,Hackney and City of London,Age,70+,1950
15/05/2020,E06000001,Hartlepool,Gender,Female,2385
15/05/2020,E06000002,Middlesbrough,Gender,Female,3280
15/05/2020,E06000003,Redcar and Cleveland,Gender,Female,3305
15/05/2020,E06000004,Stockton-on-Tees,Gender,Female,4900
15/05/2020,E06000005,Darlington,Gender,Female,2770
15/05/2020,E06000006,Halton,Gender,Female,3250
15/05/2020,E06000007,Warrington,Gender,Female,4565
15/05/2020,E06000008,Blackburn with Darwen,Gender,Female,2830
15/05/2020,E06000009,Blackpool,Gender,Female,3450
15/05/2020,E06000010,"Kingston upon Hull, City of",Gender,Female,5930
15/05/2020,E06000011,East Riding of Yorkshire,Gender,Female,7505
15/05/2020,E06000012,North East Lincolnshire,Gender,Female,3270
15/05/2020,E06000013,North Lincolnshire,Gender,Female,3285
15/05/2020,E06000014,York,Gender,Female,4210
15/05/2020,E06000015,Derby,Gender,Female,4115
15/05/2020,E06000016,Leicester,Gender,Female,7350
15/05/2020,E06000017,Rutland,Gender,Female,600
15/05/2020,E06000018,Nottingham,Gender,Female,5655
15/05/2020,E06000019,"Herefordshire, County of",Gender,Female,4230
15/05/2020,E06000020,Telford and Wrekin,Gender,Female,2845
15/05/2020,E06000021,Stoke-on-Trent,Gender,Female,5865
15/05/2020,E06000022,Bath and North East Somerset,Gender,Female,3560
15/05/2020,E06000023,"Bristol, City of",Gender,Female,7855
15/05/2020,E06000024,North Somerset,Gender,Female,4015
15/05/2020,E06000025,South Gloucestershire,Gender,Female,5785
15/05/2020,E06000026,Plymouth,Gender,Female,5690
15/05/2020,E06000027,Torbay,Gender,Female,3020
15/05/2020,E06000030,Swindon,Gender,Female,4120
15/05/2020,E06000031,Peterborough,Gender,Female,2755
15/05/2020,E06000032,Luton,Gender,Female,5155
15/05/2020,E06000033,Southend-on-Sea,Gender,Female,3770
15/05/2020,E06000034,Thurrock,Gender,Female,5120
15/05/2020,E06000035,Medway,Gender,Female,5165
15/05/2020,E06000036,Bracknell Forest,Gender,Female,2215
15/05/2020,E06000037,West Berkshire,Gender,Female,2160
15/05/2020,E06000038,Reading,Gender,Female,2395
15/05/2020,E06000039,Slough,Gender,Female,2125
15/05/2020,E06000040,Windsor and Maidenhead,Gender,Female,2150
15/05/2020,E06000041,Wokingham,Gender,Female,2265
15/05/2020,E06000042,Milton Keynes,Gender,Female,7485
15/05/2020,E06000043,Brighton and Hove,Gender,Female,4975
15/05/2020,E06000044,Portsmouth,Gender,Female,3640
15/05/2020,E06000045,Southampton,Gender,Female,5320
15/05/2020,E06000046,Isle of Wight,Gender,Female,2640
15/05/2020,E06000047,County Durham,Gender,Female,13730
15/05/2020,E06000049,Cheshire East,Gender,Female,7555
15/05/2020,E06000050,Cheshire West and Chester,Gender,Female,7355
15/05/2020,E06000051,Shropshire,Gender,Female,5250
15/05/2020,E06000054,Wiltshire,Gender,Female,9500
15/05/2020,E06000055,Bedford,Gender,Female,3130
15/05/2020,E06000056,Central Bedfordshire,Gender,Female,6415
15/05/2020,E06000057,Northumberland,Gender,Female,9460
15/05/2020,E06000058,"Bournemouth, Christchurch and Poole",Gender,Female,8430
15/05/2020,E06000059,Dorset,Gender,Female,8125
15/05/2020,E07000004,Aylesbury Vale,Gender,Female,3185
15/05/2020,E07000005,Chiltern,Gender,Female,1600
15/05/2020,E07000006,South Bucks,Gender,Female,1305
15/05/2020,E07000007,Wycombe,Gender,Female,2995
15/05/2020,E07000008,Cambridge,Gender,Female,2015
15/05/2020,E07000009,East Cambridgeshire,Gender,Female,1585
15/05/2020,E07000010,Fenland,Gender,Female,2340
15/05/2020,E07000011,Huntingdonshire,Gender,Female,3680
15/05/2020,E07000012,South Cambridgeshire,Gender,Female,3015
15/05/2020,E07000026,Allerdale,Gender,Female,2010
15/05/2020,E07000027,Barrow-in-Furness,Gender,Female,2440
15/05/2020,E07000028,Carlisle,Gender,Female,1940
15/05/2020,E07000029,Copeland,Gender,Female,1460
15/05/2020,E07000030,Eden,Gender,Female,1235
15/05/2020,E07000031,South Lakeland,Gender,Female,2360
15/05/2020,E07000032,Amber Valley,Gender,Female,2205
15/05/2020,E07000033,Bolsover,Gender,Female,1730
15/05/2020,E07000034,Chesterfield,Gender,Female,2035
15/05/2020,E07000035,Derbyshire Dales,Gender,Female,1410
15/05/2020,E07000036,Erewash,Gender,Female,1975
15/05/2020,E07000037,High Peak,Gender,Female,1915
15/05/2020,E07000038,North East Derbyshire,Gender,Female,1975
15/05/2020,E07000039,South Derbyshire,Gender,Female,1730
15/05/2020,E07000040,East Devon,Gender,Female,2960
15/05/2020,E07000041,Exeter,Gender,Female,1795
15/05/2020,E07000042,Mid Devon,Gender,Female,1505
15/05/2020,E07000043,North Devon,Gender,Female,2370
15/05/2020,E07000044,South Hams,Gender,Female,1605
15/05/2020,E07000045,Teignbridge,Gender,Female,3275
15/05/2020,E07000046,Torridge,Gender,Female,1660
15/05/2020,E07000047,West Devon,Gender,Female,1245
15/05/2020,E07000061,Eastbourne,Gender,Female,1935
15/05/2020,E07000062,Hastings,Gender,Female,1835
15/05/2020,E07000063,Lewes,Gender,Female,2430
15/05/2020,E07000064,Rother,Gender,Female,1985
15/05/2020,E07000065,Wealden,Gender,Female,2990
15/05/2020,E07000066,Basildon,Gender,Female,4405
15/05/2020,E07000067,Braintree,Gender,Female,3485
15/05/2020,E07000068,Brentwood,Gender,Female,1370
15/05/2020,E07000069,Castle Point,Gender,Female,2065
15/05/2020,E07000070,Chelmsford,Gender,Female,3115
15/05/2020,E07000071,Colchester,Gender,Female,3615
15/05/2020,E07000072,Epping Forest,Gender,Female,2865
15/05/2020,E07000073,Harlow,Gender,Female,2485
15/05/2020,E07000074,Maldon,Gender,Female,1585
15/05/2020,E07000075,Rochford,Gender,Female,2540
15/05/2020,E07000076,Tendring,Gender,Female,4160
15/05/2020,E07000077,Uttlesford,Gender,Female,1350
15/05/2020,E07000078,Cheltenham,Gender,Female,2170
15/05/2020,E07000079,Cotswold,Gender,Female,1880
15/05/2020,E07000080,Forest of Dean,Gender,Female,1785
15/05/2020,E07000081,Gloucester,Gender,Female,2760
15/05/2020,E07000082,Stroud,Gender,Female,2525
15/05/2020,E07000083,Tewkesbury,Gender,Female,1860
15/05/2020,E07000084,Basingstoke and Deane,Gender,Female,3880
15/05/2020,E07000085,East Hampshire,Gender,Female,2745
15/05/2020,E07000086,Eastleigh,Gender,Female,2145
15/05/2020,E07000087,Fareham,Gender,Female,2230
15/05/2020,E07000088,Gosport,Gender,Female,1905
15/05/2020,E07000089,Hart,Gender,Female,2190
15/05/2020,E07000090,Havant,Gender,Female,3065
15/05/2020,E07000091,New Forest,Gender,Female,3930
15/05/2020,E07000092,Rushmoor,Gender,Female,1620
15/05/2020,E07000093,Test Valley,Gender,Female,2085
15/05/2020,E07000094,Winchester,Gender,Female,1980
15/05/2020,E07000095,Broxbourne,Gender,Female,1925
15/05/2020,E07000096,Dacorum,Gender,Female,2605
15/05/2020,E07000098,Hertsmere,Gender,Female,1970
15/05/2020,E07000099,North Hertfordshire,Gender,Female,2900
15/05/2020,E07000102,Three Rivers,Gender,Female,1640
15/05/2020,E07000103,Watford,Gender,Female,1410
15/05/2020,E07000105,Ashford,Gender,Female,2380
15/05/2020,E07000106,Canterbury,Gender,Female,2640
15/05/2020,E07000107,Dartford,Gender,Female,1940
15/05/2020,E07000108,Dover,Gender,Female,2720
15/05/2020,E07000109,Gravesham,Gender,Female,2260
15/05/2020,E07000110,Maidstone,Gender,Female,2890
15/05/2020,E07000111,Sevenoaks,Gender,Female,2355
15/05/2020,E07000112,Folkestone and Hythe,Gender,Female,2525
15/05/2020,E07000113,Swale,Gender,Female,3030
15/05/2020,E07000114,Thanet,Gender,Female,3195
15/05/2020,E07000115,Tonbridge and Malling,Gender,Female,2025
15/05/2020,E07000116,Tunbridge Wells,Gender,Female,1805
15/05/2020,E07000117,Burnley,Gender,Female,1970
15/05/2020,E07000118,Chorley,Gender,Female,1845
15/05/2020,E07000119,Fylde,Gender,Female,1555
15/05/2020,E07000120,Hyndburn,Gender,Female,1600
15/05/2020,E07000121,Lancaster,Gender,Female,3000
15/05/2020,E07000122,Pendle,Gender,Female,1805
15/05/2020,E07000123,Preston,Gender,Female,2175
15/05/2020,E07000124,Ribble Valley,Gender,Female,1005
15/05/2020,E07000125,Rossendale,Gender,Female,1365
15/05/2020,E07000126,South Ribble,Gender,Female,2015
15/05/2020,E07000127,West Lancashire,Gender,Female,2605
15/05/2020,E07000128,Wyre,Gender,Female,2855
15/05/2020,E07000129,Blaby,Gender,Female,1870
15/05/2020,E07000130,Charnwood,Gender,Female,3200
15/05/2020,E07000131,Harborough,Gender,Female,1645
15/05/2020,E07000132,Hinckley and Bosworth,Gender,Female,2070
15/05/2020,E07000133,Melton,Gender,Female,905
15/05/2020,E07000134,North West Leicestershire,Gender,Female,1870
15/05/2020,E07000135,Oadby and Wigston,Gender,Female,1170
15/05/2020,E07000136,Boston,Gender,Female,1515
15/05/2020,E07000137,East Lindsey,Gender,Female,2945
15/05/2020,E07000138,Lincoln,Gender,Female,1395
15/05/2020,E07000139,North Kesteven,Gender,Female,2665
15/05/2020,E07000140,South Holland,Gender,Female,1645
15/05/2020,E07000141,South Kesteven,Gender,Female,3370
15/05/2020,E07000142,West Lindsey,Gender,Female,1810
15/05/2020,E07000143,Breckland,Gender,Female,2770
15/05/2020,E07000144,Broadland,Gender,Female,3100
15/05/2020,E07000145,Great Yarmouth,Gender,Female,2025
15/05/2020,E07000146,King's Lynn and West Norfolk,Gender,Female,3405
15/05/2020,E07000147,North Norfolk,Gender,Female,2615
15/05/2020,E07000148,Norwich,Gender,Female,2905
15/05/2020,E07000149,South Norfolk,Gender,Female,3390
15/05/2020,E07000150,Corby,Gender,Female,1420
15/05/2020,E07000151,Daventry,Gender,Female,1675
15/05/2020,E07000152,East Northamptonshire,Gender,Female,1355
15/05/2020,E07000153,Kettering,Gender,Female,1900
15/05/2020,E07000154,Northampton,Gender,Female,4200
15/05/2020,E07000155,South Northamptonshire,Gender,Female,1680
15/05/2020,E07000156,Wellingborough,Gender,Female,2060
15/05/2020,E07000163,Craven,Gender,Female,1485
15/05/2020,E07000164,Hambleton,Gender,Female,1635
15/05/2020,E07000165,Harrogate,Gender,Female,3185
15/05/2020,E07000166,Richmondshire,Gender,Female,785
15/05/2020,E07000167,Ryedale,Gender,Female,1330
15/05/2020,E07000168,Scarborough,Gender,Female,2275
15/05/2020,E07000169,Selby,Gender,Female,1650
15/05/2020,E07000170,Ashfield,Gender,Female,2845
15/05/2020,E07000171,Bassetlaw,Gender,Female,4155
15/05/2020,E07000172,Broxtowe,Gender,Female,1885
15/05/2020,E07000173,Gedling,Gender,Female,2795
15/05/2020,E07000174,Mansfield,Gender,Female,2325
15/05/2020,E07000175,Newark and Sherwood,Gender,Female,2505
15/05/2020,E07000176,Rushcliffe,Gender,Female,1865
15/05/2020,E07000177,Cherwell,Gender,Female,2375
15/05/2020,E07000178,Oxford,Gender,Female,1935
15/05/2020,E07000179,South Oxfordshire,Gender,Female,2350
15/05/2020,E07000180,Vale of White Horse,Gender,Female,1995
15/05/2020,E07000181,West Oxfordshire,Gender,Female,1850
15/05/2020,E07000187,Mendip,Gender,Female,1945
15/05/2020,E07000188,Sedgemoor,Gender,Female,2620
15/05/2020,E07000189,South Somerset,Gender,Female,3780
15/05/2020,E07000192,Cannock Chase,Gender,Female,1970
15/05/2020,E07000193,East Staffordshire,Gender,Female,2690
15/05/2020,E07000194,Lichfield,Gender,Female,2315
15/05/2020,E07000195,Newcastle-under-Lyme,Gender,Female,2125
15/05/2020,E07000196,South Staffordshire,Gender,Female,1875
15/05/2020,E07000197,Stafford,Gender,Female,3655
15/05/2020,E07000198,Staffordshire Moorlands,Gender,Female,1890
15/05/2020,E07000199,Tamworth,Gender,Female,1425
15/05/2020,E07000200,Babergh,Gender,Female,1995
15/05/2020,E07000202,Ipswich,Gender,Female,3365
15/05/2020,E07000203,Mid Suffolk,Gender,Female,2420
15/05/2020,E07000207,Elmbridge,Gender,Female,2070
15/05/2020,E07000208,Epsom and Ewell,Gender,Female,1260
15/05/2020,E07000209,Guildford,Gender,Female,2445
15/05/2020,E07000210,Mole Valley,Gender,Female,1415
15/05/2020,E07000211,Reigate and Banstead,Gender,Female,2450
15/05/2020,E07000212,Runnymede,Gender,Female,1335
15/05/2020,E07000213,Spelthorne,Gender,Female,1670
15/05/2020,E07000214,Surrey Heath,Gender,Female,1540
15/05/2020,E07000215,Tandridge,Gender,Female,1585
15/05/2020,E07000216,Waverley,Gender,Female,2395
15/05/2020,E07000217,Woking,Gender,Female,1565
15/05/2020,E07000218,North Warwickshire,Gender,Female,1255
15/05/2020,E07000219,Nuneaton and Bedworth,Gender,Female,2435
15/05/2020,E07000220,Rugby,Gender,Female,1750
15/05/2020,E07000221,Stratford-on-Avon,Gender,Female,2345
15/05/2020,E07000222,Warwick,Gender,Female,2570
15/05/2020,E07000223,Adur,Gender,Female,1370
15/05/2020,E07000224,Arun,Gender,Female,4235
15/05/2020,E07000225,Chichester,Gender,Female,2825
15/05/2020,E07000226,Crawley,Gender,Female,2090
15/05/2020,E07000227,Horsham,Gender,Female,2685
15/05/2020,E07000228,Mid Sussex,Gender,Female,2675
15/05/2020,E07000229,Worthing,Gender,Female,2075
15/05/2020,E07000234,Bromsgrove,Gender,Female,1585
15/05/2020,E07000235,Malvern Hills,Gender,Female,1385
15/05/2020,E07000236,Redditch,Gender,Female,1385
15/05/2020,E07000237,Worcester,Gender,Female,1470
15/05/2020,E07000238,Wychavon,Gender,Female,2395
15/05/2020,E07000239,Wyre Forest,Gender,Female,1725
15/05/2020,E07000240,St Albans,Gender,Female,2115
15/05/2020,E07000241,Welwyn Hatfield,Gender,Female,2200
15/05/2020,E07000242,East Hertfordshire,Gender,Female,3285
15/05/2020,E07000243,Stevenage,Gender,Female,1565
15/05/2020,E07000244,East Suffolk,Gender,Female,7365
15/05/2020,E07000245,West Suffolk,Gender,Female,3620
15/05/2020,E07000246,Somerset West and Taunton,Gender,Female,3155
15/05/2020,E08000001,Bolton,Gender,Female,8135
15/05/2020,E08000002,Bury,Gender,Female,5305
15/05/2020,E08000003,Manchester,Gender,Female,11325
15/05/2020,E08000004,Oldham,Gender,Female,5095
15/05/2020,E08000005,Rochdale,Gender,Female,4235
15/05/2020,E08000006,Salford,Gender,Female,6200
15/05/2020,E08000007,Stockport,Gender,Female,5910
15/05/2020,E08000008,Tameside,Gender,Female,5140
15/05/2020,E08000009,Trafford,Gender,Female,4975
15/05/2020,E08000010,Wigan,Gender,Female,7335
15/05/2020,E08000011,Knowsley,Gender,Female,4900
15/05/2020,E08000012,Liverpool,Gender,Female,24710
15/05/2020,E08000013,St. Helens,Gender,Female,6560
15/05/2020,E08000014,Sefton,Gender,Female,12640
15/05/2020,E08000015,Wirral,Gender,Female,7985
15/05/2020,E08000016,Barnsley,Gender,Female,7210
15/05/2020,E08000017,Doncaster,Gender,Female,9245
15/05/2020,E08000018,Rotherham,Gender,Female,6880
15/05/2020,E08000019,Sheffield,Gender,Female,14555
15/05/2020,E08000021,Newcastle upon Tyne,Gender,Female,5555
15/05/2020,E08000022,North Tyneside,Gender,Female,5275
15/05/2020,E08000023,South Tyneside,Gender,Female,3730
15/05/2020,E08000024,Sunderland,Gender,Female,6435
15/05/2020,E08000025,Birmingham,Gender,Female,18065
15/05/2020,E08000026,Coventry,Gender,Female,7170
15/05/2020,E08000027,Dudley,Gender,Female,6420
15/05/2020,E08000028,Sandwell,Gender,Female,6595
15/05/2020,E08000029,Solihull,Gender,Female,3655
15/05/2020,E08000030,Walsall,Gender,Female,5360
15/05/2020,E08000031,Wolverhampton,Gender,Female,4580
15/05/2020,E08000032,Bradford,Gender,Female,14050
15/05/2020,E08000033,Calderdale,Gender,Female,4450
15/05/2020,E08000034,Kirklees,Gender,Female,9695
15/05/2020,E08000035,Leeds,Gender,Female,24985
15/05/2020,E08000036,Wakefield,Gender,Female,6980
15/05/2020,E08000037,Gateshead,Gender,Female,5010
15/05/2020,E09000002,Barking and Dagenham,Gender,Female,4310
15/05/2020,E09000003,Barnet,Gender,Female,6720
15/05/2020,E09000004,Bexley,Gender,Female,4895
15/05/2020,E09000005,Brent,Gender,Female,9485
15/05/2020,E09000006,Bromley,Gender,Female,5840
15/05/2020,E09000007,Camden,Gender,Female,3625
15/05/2020,E09000008,Croydon,Gender,Female,6985
15/05/2020,E09000009,Ealing,Gender,Female,11365
15/05/2020,E09000010,Enfield,Gender,Female,5020
15/05/2020,E09000011,Greenwich,Gender,Female,4395
15/05/2020,E09000013,Hammersmith and Fulham,Gender,Female,4800
15/05/2020,E09000014,Haringey,Gender,Female,4805
15/05/2020,E09000015,Harrow,Gender,Female,6385
15/05/2020,E09000016,Havering,Gender,Female,4730
15/05/2020,E09000017,Hillingdon,Gender,Female,8100
15/05/2020,E09000018,Hounslow,Gender,Female,11070
15/05/2020,E09000019,Islington,Gender,Female,3705
15/05/2020,E09000020,Kensington and Chelsea,Gender,Female,3275
15/05/2020,E09000021,Kingston upon Thames,Gender,Female,2755
15/05/2020,E09000022,Lambeth,Gender,Female,4815
15/05/2020,E09000023,Lewisham,Gender,Female,5045
15/05/2020,E09000024,Merton,Gender,Female,3380
15/05/2020,E09000025,Newham,Gender,Female,6330
15/05/2020,E09000026,Redbridge,Gender,Female,4720
15/05/2020,E09000027,Richmond upon Thames,Gender,Female,3600
15/05/2020,E09000028,Southwark,Gender,Female,5300
15/05/2020,E09000029,Sutton,Gender,Female,3585
15/05/2020,E09000030,Tower Hamlets,Gender,Female,4110
15/05/2020,E09000031,Waltham Forest,Gender,Female,4060
15/05/2020,E09000032,Wandsworth,Gender,Female,4690
15/05/2020,E09000033,Westminster,Gender,Female,4725
15/05/2020,E06000052+E06000053,Cornwall and Isles of Scilly,Gender,Female,12990
15/05/2020,E09000012+E09000001,Hackney and City of London,Gender,Female,4230
15/05/2020,E06000001,Hartlepool,Gender,Male,1960
15/05/2020,E06000002,Middlesbrough,Gender,Male,2755
15/05/2020,E06000003,Redcar and Cleveland,Gender,Male,2825
15/05/2020,E06000004,Stockton-on-Tees,Gender,Male,4065
15/05/2020,E06000005,Darlington,Gender,Male,2390
15/05/2020,E06000006,Halton,Gender,Male,2905
15/05/2020,E06000007,Warrington,Gender,Male,3805
15/05/2020,E06000008,Blackburn with Darwen,Gender,Male,2530
15/05/2020,E06000009,Blackpool,Gender,Male,3175
15/05/2020,E06000010,"Kingston upon Hull, City of",Gender,Male,5355
15/05/2020,E06000011,East Riding of Yorkshire,Gender,Male,6810
15/05/2020,E06000012,North East Lincolnshire,Gender,Male,3055
15/05/2020,E06000013,North Lincolnshire,Gender,Male,3195
15/05/2020,E06000014,York,Gender,Male,3285
15/05/2020,E06000015,Derby,Gender,Male,3680
15/05/2020,E06000016,Leicester,Gender,Male,5980
15/05/2020,E06000017,Rutland,Gender,Male,570
15/05/2020,E06000018,Nottingham,Gender,Male,5005
15/05/2020,E06000019,"Herefordshire, County of",Gender,Male,3615
15/05/2020,E06000020,Telford and Wrekin,Gender,Male,2530
15/05/2020,E06000021,Stoke-on-Trent,Gender,Male,5185
15/05/2020,E06000022,Bath and North East Somerset,Gender,Male,3200
15/05/2020,E06000023,"Bristol, City of",Gender,Male,6730
15/05/2020,E06000024,North Somerset,Gender,Male,3490
15/05/2020,E06000025,South Gloucestershire,Gender,Male,5065
15/05/2020,E06000026,Plymouth,Gender,Male,5025
15/05/2020,E06000027,Torbay,Gender,Male,2810
15/05/2020,E06000030,Swindon,Gender,Male,3625
15/05/2020,E06000031,Peterborough,Gender,Male,2665
15/05/2020,E06000032,Luton,Gender,Male,4410
15/05/2020,E06000033,Southend-on-Sea,Gender,Male,3185
15/05/2020,E06000034,Thurrock,Gender,Male,4280
15/05/2020,E06000035,Medway,Gender,Male,4640
15/05/2020,E06000036,Bracknell Forest,Gender,Male,1835
15/05/2020,E06000037,West Berkshire,Gender,Male,2020
15/05/2020,E06000038,Reading,Gender,Male,2070
15/05/2020,E06000039,Slough,Gender,Male,1935
15/05/2020,E06000040,Windsor and Maidenhead,Gender,Male,1870
15/05/2020,E06000041,Wokingham,Gender,Male,2060
15/05/2020,E06000042,Milton Keynes,Gender,Male,6570
15/05/2020,E06000043,Brighton and Hove,Gender,Male,4765
15/05/2020,E06000044,Portsmouth,Gender,Male,3320
15/05/2020,E06000045,Southampton,Gender,Male,4800
15/05/2020,E06000046,Isle of Wight,Gender,Male,2415
15/05/2020,E06000047,County Durham,Gender,Male,11635
15/05/2020,E06000049,Cheshire East,Gender,Male,6595
15/05/2020,E06000050,Cheshire West and Chester,Gender,Male,6455
15/05/2020,E06000051,Shropshire,Gender,Male,4955
15/05/2020,E06000054,Wiltshire,Gender,Male,8200
15/05/2020,E06000055,Bedford,Gender,Male,2710
15/05/2020,E06000056,Central Bedfordshire,Gender,Male,5705
15/05/2020,E06000057,Northumberland,Gender,Male,8035
15/05/2020,E06000058,"Bournemouth, Christchurch and Poole",Gender,Male,7415
15/05/2020,E06000059,Dorset,Gender,Male,7570
15/05/2020,E07000004,Aylesbury Vale,Gender,Male,2975
15/05/2020,E07000005,Chiltern,Gender,Male,1560
15/05/2020,E07000006,South Bucks,Gender,Male,1110
15/05/2020,E07000007,Wycombe,Gender,Male,2905
15/05/2020,E07000008,Cambridge,Gender,Male,1715
15/05/2020,E07000009,East Cambridgeshire,Gender,Male,1445
15/05/2020,E07000010,Fenland,Gender,Male,2160
15/05/2020,E07000011,Huntingdonshire,Gender,Male,3255
15/05/2020,E07000012,South Cambridgeshire,Gender,Male,2665
15/05/2020,E07000026,Allerdale,Gender,Male,1835
15/05/2020,E07000027,Barrow-in-Furness,Gender,Male,2190
15/05/2020,E07000028,Carlisle,Gender,Male,1725
15/05/2020,E07000029,Copeland,Gender,Male,1400
15/05/2020,E07000030,Eden,Gender,Male,1070
15/05/2020,E07000031,South Lakeland,Gender,Male,2130
15/05/2020,E07000032,Amber Valley,Gender,Male,2125
15/05/2020,E07000033,Bolsover,Gender,Male,1750
15/05/2020,E07000034,Chesterfield,Gender,Male,1950
15/05/2020,E07000035,Derbyshire Dales,Gender,Male,1340
15/05/2020,E07000036,Erewash,Gender,Male,1865
15/05/2020,E07000037,High Peak,Gender,Male,1755
15/05/2020,E07000038,North East Derbyshire,Gender,Male,1925
15/05/2020,E07000039,South Derbyshire,Gender,Male,1650
15/05/2020,E07000040,East Devon,Gender,Male,2835
15/05/2020,E07000041,Exeter,Gender,Male,1730
15/05/2020,E07000042,Mid Devon,Gender,Male,1515
15/05/2020,E07000043,North Devon,Gender,Male,2210
15/05/2020,E07000044,South Hams,Gender,Male,1635
15/05/2020,E07000045,Teignbridge,Gender,Male,3025
15/05/2020,E07000046,Torridge,Gender,Male,1605
15/05/2020,E07000047,West Devon,Gender,Male,1160
15/05/2020,E07000061,Eastbourne,Gender,Male,1705
15/05/2020,E07000062,Hastings,Gender,Male,1575
15/05/2020,E07000063,Lewes,Gender,Male,2095
15/05/2020,E07000064,Rother,Gender,Male,1655
15/05/2020,E07000065,Wealden,Gender,Male,2765
15/05/2020,E07000066,Basildon,Gender,Male,3555
15/05/2020,E07000067,Braintree,Gender,Male,3015
15/05/2020,E07000068,Brentwood,Gender,Male,1275
15/05/2020,E07000069,Castle Point,Gender,Male,1905
15/05/2020,E07000070,Chelmsford,Gender,Male,2615
15/05/2020,E07000071,Colchester,Gender,Male,3195
15/05/2020,E07000072,Epping Forest,Gender,Male,2410
15/05/2020,E07000073,Harlow,Gender,Male,2080
15/05/2020,E07000074,Maldon,Gender,Male,1485
15/05/2020,E07000075,Rochford,Gender,Male,2230
15/05/2020,E07000076,Tendring,Gender,Male,3670
15/05/2020,E07000077,Uttlesford,Gender,Male,1235
15/05/2020,E07000078,Cheltenham,Gender,Male,1845
15/05/2020,E07000079,Cotswold,Gender,Male,1655
15/05/2020,E07000080,Forest of Dean,Gender,Male,1700
15/05/2020,E07000081,Gloucester,Gender,Male,2515
15/05/2020,E07000082,Stroud,Gender,Male,2390
15/05/2020,E07000083,Tewkesbury,Gender,Male,1530
15/05/2020,E07000084,Basingstoke and Deane,Gender,Male,3320
15/05/2020,E07000085,East Hampshire,Gender,Male,2625
15/05/2020,E07000086,Eastleigh,Gender,Male,1960
15/05/2020,E07000087,Fareham,Gender,Male,1910
15/05/2020,E07000088,Gosport,Gender,Male,1605
15/05/2020,E07000089,Hart,Gender,Male,1820
15/05/2020,E07000090,Havant,Gender,Male,2700
15/05/2020,E07000091,New Forest,Gender,Male,3735
15/05/2020,E07000092,Rushmoor,Gender,Male,1495
15/05/2020,E07000093,Test Valley,Gender,Male,1935
15/05/2020,E07000094,Winchester,Gender,Male,1960
15/05/2020,E07000095,Broxbourne,Gender,Male,1555
15/05/2020,E07000096,Dacorum,Gender,Male,2435
15/05/2020,E07000098,Hertsmere,Gender,Male,1695
15/05/2020,E07000099,North Hertfordshire,Gender,Male,2375
15/05/2020,E07000102,Three Rivers,Gender,Male,1500
15/05/2020,E07000103,Watford,Gender,Male,1245
15/05/2020,E07000105,Ashford,Gender,Male,2270
15/05/2020,E07000106,Canterbury,Gender,Male,2445
15/05/2020,E07000107,Dartford,Gender,Male,1955
15/05/2020,E07000108,Dover,Gender,Male,2550
15/05/2020,E07000109,Gravesham,Gender,Male,2095
15/05/2020,E07000110,Maidstone,Gender,Male,2490
15/05/2020,E07000111,Sevenoaks,Gender,Male,2180
15/05/2020,E07000112,Folkestone and Hythe,Gender,Male,2320
15/05/2020,E07000113,Swale,Gender,Male,2935
15/05/2020,E07000114,Thanet,Gender,Male,3165
15/05/2020,E07000115,Tonbridge and Malling,Gender,Male,1870
15/05/2020,E07000116,Tunbridge Wells,Gender,Male,1645
15/05/2020,E07000117,Burnley,Gender,Male,1680
15/05/2020,E07000118,Chorley,Gender,Male,1700
15/05/2020,E07000119,Fylde,Gender,Male,1485
15/05/2020,E07000120,Hyndburn,Gender,Male,1435
15/05/2020,E07000121,Lancaster,Gender,Male,2675
15/05/2020,E07000122,Pendle,Gender,Male,1630
15/05/2020,E07000123,Preston,Gender,Male,1950
15/05/2020,E07000124,Ribble Valley,Gender,Male,895
15/05/2020,E07000125,Rossendale,Gender,Male,1190
15/05/2020,E07000126,South Ribble,Gender,Male,1705
15/05/2020,E07000127,West Lancashire,Gender,Male,2245
15/05/2020,E07000128,Wyre,Gender,Male,2615
15/05/2020,E07000129,Blaby,Gender,Male,1635
15/05/2020,E07000130,Charnwood,Gender,Male,2810
15/05/2020,E07000131,Harborough,Gender,Male,1385
15/05/2020,E07000132,Hinckley and Bosworth,Gender,Male,1940
15/05/2020,E07000133,Melton,Gender,Male,770
15/05/2020,E07000134,North West Leicestershire,Gender,Male,1695
15/05/2020,E07000135,Oadby and Wigston,Gender,Male,925
15/05/2020,E07000136,Boston,Gender,Male,1510
15/05/2020,E07000137,East Lindsey,Gender,Male,2930
15/05/2020,E07000138,Lincoln,Gender,Male,1335
15/05/2020,E07000139,North Kesteven,Gender,Male,2505
15/05/2020,E07000140,South Holland,Gender,Male,1625
15/05/2020,E07000141,South Kesteven,Gender,Male,3255
15/05/2020,E07000142,West Lindsey,Gender,Male,1675
15/05/2020,E07000143,Breckland,Gender,Male,2800
15/05/2020,E07000144,Broadland,Gender,Male,3025
15/05/2020,E07000145,Great Yarmouth,Gender,Male,2065
15/05/2020,E07000146,King's Lynn and West Norfolk,Gender,Male,3125
15/05/2020,E07000147,North Norfolk,Gender,Male,2515
15/05/2020,E07000148,Norwich,Gender,Male,2780
15/05/2020,E07000149,South Norfolk,Gender,Male,3380
15/05/2020,E07000150,Corby,Gender,Male,1190
15/05/2020,E07000151,Daventry,Gender,Male,1570
15/05/2020,E07000152,East Northamptonshire,Gender,Male,1300
15/05/2020,E07000153,Kettering,Gender,Male,1670
15/05/2020,E07000154,Northampton,Gender,Male,3595
15/05/2020,E07000155,South Northamptonshire,Gender,Male,1630
15/05/2020,E07000156,Wellingborough,Gender,Male,1810
15/05/2020,E07000163,Craven,Gender,Male,1425
15/05/2020,E07000164,Hambleton,Gender,Male,1440
15/05/2020,E07000165,Harrogate,Gender,Male,2890
15/05/2020,E07000166,Richmondshire,Gender,Male,695
15/05/2020,E07000167,Ryedale,Gender,Male,1185
15/05/2020,E07000168,Scarborough,Gender,Male,1975
15/05/2020,E07000169,Selby,Gender,Male,1545
15/05/2020,E07000170,Ashfield,Gender,Male,2735
15/05/2020,E07000171,Bassetlaw,Gender,Male,3625
15/05/2020,E07000172,Broxtowe,Gender,Male,1745
15/05/2020,E07000173,Gedling,Gender,Male,2435
15/05/2020,E07000174,Mansfield,Gender,Male,2150
15/05/2020,E07000175,Newark and Sherwood,Gender,Male,2320
15/05/2020,E07000176,Rushcliffe,Gender,Male,1665
15/05/2020,E07000177,Cherwell,Gender,Male,2205
15/05/2020,E07000178,Oxford,Gender,Male,1755
15/05/2020,E07000179,South Oxfordshire,Gender,Male,2075
15/05/2020,E07000180,Vale of White Horse,Gender,Male,1855
15/05/2020,E07000181,West Oxfordshire,Gender,Male,1735
15/05/2020,E07000187,Mendip,Gender,Male,1820
15/05/2020,E07000188,Sedgemoor,Gender,Male,2500
15/05/2020,E07000189,South Somerset,Gender,Male,3450
15/05/2020,E07000192,Cannock Chase,Gender,Male,1690
15/05/2020,E07000193,East Staffordshire,Gender,Male,2455
15/05/2020,E07000194,Lichfield,Gender,Male,2095
15/05/2020,E07000195,Newcastle-under-Lyme,Gender,Male,1960
15/05/2020,E07000196,South Staffordshire,Gender,Male,1780
15/05/2020,E07000197,Stafford,Gender,Male,3265
15/05/2020,E07000198,Staffordshire Moorlands,Gender,Male,1870
15/05/2020,E07000199,Tamworth,Gender,Male,1260
15/05/2020,E07000200,Babergh,Gender,Male,1890
15/05/2020,E07000202,Ipswich,Gender,Male,2915
15/05/2020,E07000203,Mid Suffolk,Gender,Male,2285
15/05/2020,E07000207,Elmbridge,Gender,Male,1800
15/05/2020,E07000208,Epsom and Ewell,Gender,Male,1140
15/05/2020,E07000209,Guildford,Gender,Male,2165
15/05/2020,E07000210,Mole Valley,Gender,Male,1330
15/05/2020,E07000211,Reigate and Banstead,Gender,Male,2225
15/05/2020,E07000212,Runnymede,Gender,Male,1265
15/05/2020,E07000213,Spelthorne,Gender,Male,1585
15/05/2020,E07000214,Surrey Heath,Gender,Male,1310
15/05/2020,E07000215,Tandridge,Gender,Male,1465
15/05/2020,E07000216,Waverley,Gender,Male,2105
15/05/2020,E07000217,Woking,Gender,Male,1425
15/05/2020,E07000218,North Warwickshire,Gender,Male,1190
15/05/2020,E07000219,Nuneaton and Bedworth,Gender,Male,2090
15/05/2020,E07000220,Rugby,Gender,Male,1565
15/05/2020,E07000221,Stratford-on-Avon,Gender,Male,2250
15/05/2020,E07000222,Warwick,Gender,Male,2295
15/05/2020,E07000223,Adur,Gender,Male,1155
15/05/2020,E07000224,Arun,Gender,Male,3685
15/05/2020,E07000225,Chichester,Gender,Male,2700
15/05/2020,E07000226,Crawley,Gender,Male,1790
15/05/2020,E07000227,Horsham,Gender,Male,2315
15/05/2020,E07000228,Mid Sussex,Gender,Male,2485
15/05/2020,E07000229,Worthing,Gender,Male,1700
15/05/2020,E07000234,Bromsgrove,Gender,Male,1510
15/05/2020,E07000235,Malvern Hills,Gender,Male,1230
15/05/2020,E07000236,Redditch,Gender,Male,1255
15/05/2020,E07000237,Worcester,Gender,Male,1335
15/05/2020,E07000238,Wychavon,Gender,Male,2225
15/05/2020,E07000239,Wyre Forest,Gender,Male,1670
15/05/2020,E07000240,St Albans,Gender,Male,1925
15/05/2020,E07000241,Welwyn Hatfield,Gender,Male,1860
15/05/2020,E07000242,East Hertfordshire,Gender,Male,2930
15/05/2020,E07000243,Stevenage,Gender,Male,1240
15/05/2020,E07000244,East Suffolk,Gender,Male,6625
15/05/2020,E07000245,West Suffolk,Gender,Male,3455
15/05/2020,E07000246,Somerset West and Taunton,Gender,Male,2950
15/05/2020,E08000001,Bolton,Gender,Male,7665
15/05/2020,E08000002,Bury,Gender,Male,4520
15/05/2020,E08000003,Manchester,Gender,Male,9675
15/05/2020,E08000004,Oldham,Gender,Male,4575
15/05/2020,E08000005,Rochdale,Gender,Male,3675
15/05/2020,E08000006,Salford,Gender,Male,5800
15/05/2020,E08000007,Stockport,Gender,Male,5360
15/05/2020,E08000008,Tameside,Gender,Male,4480
15/05/2020,E08000009,Trafford,Gender,Male,4380
15/05/2020,E08000010,Wigan,Gender,Male,6670
15/05/2020,E08000011,Knowsley,Gender,Male,3910
15/05/2020,E08000012,Liverpool,Gender,Male,22375
15/05/2020,E08000013,St. Helens,Gender,Male,6020
15/05/2020,E08000014,Sefton,Gender,Male,10005
15/05/2020,E08000015,Wirral,Gender,Male,7025
15/05/2020,E08000016,Barnsley,Gender,Male,6490
15/05/2020,E08000017,Doncaster,Gender,Male,7855
15/05/2020,E08000018,Rotherham,Gender,Male,5845
15/05/2020,E08000019,Sheffield,Gender,Male,11980
15/05/2020,E08000021,Newcastle upon Tyne,Gender,Male,4545
15/05/2020,E08000022,North Tyneside,Gender,Male,4240
15/05/2020,E08000023,South Tyneside,Gender,Male,3225
15/05/2020,E08000024,Sunderland,Gender,Male,5600
15/05/2020,E08000025,Birmingham,Gender,Male,15810
15/05/2020,E08000026,Coventry,Gender,Male,6080
15/05/2020,E08000027,Dudley,Gender,Male,5995
15/05/2020,E08000028,Sandwell,Gender,Male,5405
15/05/2020,E08000029,Solihull,Gender,Male,3175
15/05/2020,E08000030,Walsall,Gender,Male,4865
15/05/2020,E08000031,Wolverhampton,Gender,Male,3820
15/05/2020,E08000032,Bradford,Gender,Male,12035
15/05/2020,E08000033,Calderdale,Gender,Male,4040
15/05/2020,E08000034,Kirklees,Gender,Male,8820
15/05/2020,E08000035,Leeds,Gender,Male,20440
15/05/2020,E08000036,Wakefield,Gender,Male,6315
15/05/2020,E08000037,Gateshead,Gender,Male,3920
15/05/2020,E09000002,Barking and Dagenham,Gender,Male,3545
15/05/2020,E09000003,Barnet,Gender,Male,5935
15/05/2020,E09000004,Bexley,Gender,Male,4090
15/05/2020,E09000005,Brent,Gender,Male,8880
15/05/2020,E09000006,Bromley,Gender,Male,5010
15/05/2020,E09000007,Camden,Gender,Male,3180
15/05/2020,E09000008,Croydon,Gender,Male,5725
15/05/2020,E09000009,Ealing,Gender,Male,10720
15/05/2020,E09000010,Enfield,Gender,Male,4480
15/05/2020,E09000011,Greenwich,Gender,Male,3645
15/05/2020,E09000013,Hammersmith and Fulham,Gender,Male,4090
15/05/2020,E09000014,Haringey,Gender,Male,4185
15/05/2020,E09000015,Harrow,Gender,Male,6145
15/05/2020,E09000016,Havering,Gender,Male,4050
15/05/2020,E09000017,Hillingdon,Gender,Male,7125
15/05/2020,E09000018,Hounslow,Gender,Male,10640
15/05/2020,E09000019,Islington,Gender,Male,3075
15/05/2020,E09000020,Kensington and Chelsea,Gender,Male,2825
15/05/2020,E09000021,Kingston upon Thames,Gender,Male,2500
15/05/2020,E09000022,Lambeth,Gender,Male,4030
15/05/2020,E09000023,Lewisham,Gender,Male,4230
15/05/2020,E09000024,Merton,Gender,Male,2855
15/05/2020,E09000025,Newham,Gender,Male,5410
15/05/2020,E09000026,Redbridge,Gender,Male,4015
15/05/2020,E09000027,Richmond upon Thames,Gender,Male,3360
15/05/2020,E09000028,Southwark,Gender,Male,4320
15/05/2020,E09000029,Sutton,Gender,Male,3040
15/05/2020,E09000030,Tower Hamlets,Gender,Male,3925
15/05/2020,E09000031,Waltham Forest,Gender,Male,3415
15/05/2020,E09000032,Wandsworth,Gender,Male,3830
15/05/2020,E09000033,Westminster,Gender,Male,4455
15/05/2020,E06000052+E06000053,Cornwall and Isles of Scilly,Gender,Male,11665
15/05/2020,E09000012+E09000001,Hackney and City of London,Gender,Male,3630
